fecha,periodo,DIRECCION,HUMEDAD,LLUVIA,LUZ,PRESION,VELOCIDAD,TEMPERATURA
01/01/2025,Mañana,172.98,83.87,6.28,91.76,742.55,5.22,3.03
01/01/2025,Tarde,132.74,126.11,1.14,83.23,748.8,3.99,7.95
01/01/2025,Noche,147.98,133.95,1.34,45.95,750.13,3.16,11.37
02/01/2025,Mañana,151.1,138.52,9.52,47.64,756.48,5.95,5.83
02/01/2025,Tarde,154.16,133.61,6.51,54.03,763.04,3.63,10.18
02/01/2025,Noche,156.51,86.07,6.41,93.3,753.16,3,11.92
03/01/2025,Mañana,135.86,123.98,1.55,42.48,749.04,4.59,5.59
03/01/2025,Tarde,192.73,109.17,7.2,93.34,749.72,5.41,7.55
03/01/2025,Noche,159.25,70.91,7.7,53.52,749.66,4.67,15.94
04/01/2025,Mañana,138.69,76.48,7.36,74.8,764.65,4.19,7.16
04/01/2025,Tarde,183.15,88.83,7.45,68.26,761.07,5.8,14.68
04/01/2025,Noche,164.21,76.93,4.06,41.66,743.63,5.3,12.82
05/01/2025,Mañana,164.93,70.75,4.63,62.65,754.84,3.23,4.69
05/01/2025,Tarde,132.92,109.69,6.49,81.18,761.86,3.1,9.9
05/01/2025,Noche,185.58,123.85,0.03,94.4,753.89,4.42,11.1
06/01/2025,Mañana,130.69,77.87,4.37,64.58,765.6,5.44,6.17
06/01/2025,Tarde,161.32,135.58,0.16,47.33,741.65,3.01,4.94
06/01/2025,Noche,175.74,132.08,2.65,67.21,752.84,5.73,14.42
07/01/2025,Mañana,154.44,87.8,1.41,48.29,766.88,4.02,6.28
07/01/2025,Tarde,142.04,90.05,1.82,57.7,754.33,5.13,13.98
07/01/2025,Noche,134.82,84.57,9.85,46.14,764.07,4.7,19.22
08/01/2025,Mañana,175.41,97.63,2.07,53.4,741.07,4.4,6.18
08/01/2025,Tarde,196.17,134.89,5.55,73.55,758.51,4.92,10.48
08/01/2025,Noche,137.11,101.79,7.93,50.2,756.49,5.54,19.62
09/01/2025,Mañana,141.17,138.27,1.24,70.94,760.69,5.04,5.27
09/01/2025,Tarde,197.18,71.18,2.38,56.74,765.36,5.5,14.86
09/01/2025,Noche,147.94,136.09,8.06,61.61,762.79,4.08,17.81
10/01/2025,Mañana,179.4,121.33,1.17,60.84,741.96,3.02,2.45
10/01/2025,Tarde,142.79,109.44,3.66,64.26,758.31,3.77,11.84
10/01/2025,Noche,174.09,70.75,2.55,65.08,741.53,3.2,12.81
11/01/2025,Mañana,142.13,70.5,2.31,92.73,764.17,3.14,3
11/01/2025,Tarde,193.66,123.93,9.56,53.47,756.41,4.28,9.92
11/01/2025,Noche,147.24,92.71,7.94,74.67,761.51,4.99,20.32
12/01/2025,Mañana,166.81,120.13,5.13,58.29,746.89,4.42,4.69
12/01/2025,Tarde,199.05,108.74,3.45,43.42,740.32,3.34,6.36
12/01/2025,Noche,174.75,136.89,2.75,41.3,744.17,5.64,10.35
13/01/2025,Mañana,132.54,121.24,7.42,55.99,756.82,4.45,5.72
13/01/2025,Tarde,198.14,123.55,6.88,49.89,769.91,5.85,10.29
13/01/2025,Noche,180.04,135.62,5.6,58.38,761.61,3.81,16.78
14/01/2025,Mañana,165.43,116.01,7.48,91.66,753.55,3.51,2.65
14/01/2025,Tarde,132.08,135.19,2.05,45.4,747.76,3.31,4.85
14/01/2025,Noche,163.18,85.2,7.12,60.1,747.81,3.01,12.42
15/01/2025,Mañana,153.4,80.08,9.72,50.95,746.17,5.33,5.96
15/01/2025,Tarde,189.9,136.96,9.93,43.1,765.1,3.49,8.96
15/01/2025,Noche,197.76,81.76,1.25,49.55,767.91,5.4,20
16/01/2025,Mañana,177.97,117.41,0.2,47.97,764.52,3.05,4.89
16/01/2025,Tarde,185.9,80.41,8.74,91.75,753.08,5.57,7.08
16/01/2025,Noche,165.19,79.66,9.77,41.78,742.48,3.88,12.17
17/01/2025,Mañana,169.18,113.83,8.64,56.16,753.36,4.67,6.43
17/01/2025,Tarde,195.02,117.88,3.83,48.24,754.51,3.66,9.35
17/01/2025,Noche,173.96,74.92,4.09,63.06,761.06,3.16,17.3
18/01/2025,Mañana,172.06,93.1,5.7,60.45,762.67,4.35,6.06
18/01/2025,Tarde,197.42,70.95,5.51,47.18,751.85,5.08,12.29
18/01/2025,Noche,156.4,102.9,4.14,46.15,753.07,3.07,13.86
19/01/2025,Mañana,135.73,72.59,2.84,46.87,755.49,3.59,6.19
19/01/2025,Tarde,136.18,82.79,0.3,92.09,751.54,5.56,7.09
19/01/2025,Noche,172.81,130.14,2.43,47.26,763.68,4.46,17.86
20/01/2025,Mañana,170.24,101.86,3.75,57.48,767.3,5.75,5.86
20/01/2025,Tarde,190.83,122.55,1.03,69.07,769.52,4.3,9.7
20/01/2025,Noche,168.76,136.39,6.29,58.14,750.89,5.54,12.44
21/01/2025,Mañana,194.45,129.69,7.84,62.3,746.92,5.37,4.5
21/01/2025,Tarde,173.21,75.21,6.74,58.9,741.22,3.13,10.11
21/01/2025,Noche,197.44,134.93,5.23,93.72,759.33,5.22,10.74
22/01/2025,Mañana,132.88,115.73,8.99,83.95,765.91,3.27,5.29
22/01/2025,Tarde,167.13,84.71,1.98,48.96,762.43,5.67,14.9
22/01/2025,Noche,181.49,76.52,3.14,64.18,752.09,3.11,13.69
23/01/2025,Mañana,189.68,130.7,3.02,56.21,767.7,5.91,5.57
23/01/2025,Tarde,188.44,82.41,6.69,49.16,757.2,4.27,14.38
23/01/2025,Noche,139.09,116.76,4.59,48.21,742.25,3.77,11.68
24/01/2025,Mañana,132.63,101.67,7.43,96.12,754.87,5.17,3.79
24/01/2025,Tarde,173.42,123.6,9.92,55.95,749.04,5.12,7.2
24/01/2025,Noche,196.76,109.05,7.01,40.88,760.05,5.72,15.7
25/01/2025,Mañana,160.42,81.76,3.7,82.67,755.87,4.33,7.56
25/01/2025,Tarde,185.36,75.31,8.16,61.35,766.37,5.96,14.97
25/01/2025,Noche,164.11,105.42,6.77,45.81,756.96,4.73,17.92
26/01/2025,Mañana,132.16,73,8.68,75.23,747.56,5.99,6.61
26/01/2025,Tarde,189.5,88.39,9.2,76.99,763.49,3.47,15.61
26/01/2025,Noche,151.86,87.05,7.75,41.03,742.61,5.62,12.29
27/01/2025,Mañana,155.85,113.41,7.01,81.24,763.89,3.87,5.71
27/01/2025,Tarde,133.92,112.51,0.69,60.34,750.88,5.89,8.46
27/01/2025,Noche,138.03,88.44,0.04,47.32,757.05,3.57,18.96
28/01/2025,Mañana,145.52,137.5,2.57,91.1,757.56,3.56,3.22
28/01/2025,Tarde,146.43,72.23,0.84,52.79,741.74,3.12,10.75
28/01/2025,Noche,174.46,91.92,6.32,69.32,765.87,3.06,18.26
29/01/2025,Mañana,136.59,121.3,3.09,68.64,749.32,5.71,5.01
29/01/2025,Tarde,187.93,138.05,1.63,77.35,749.61,4.77,7.56
29/01/2025,Noche,192.79,138.23,1.66,90.51,761.18,5.9,12.73
30/01/2025,Mañana,147.68,138.02,9.51,72.87,756.29,5.38,5.32
30/01/2025,Tarde,178.82,88.79,6.31,45.27,743.32,5.84,11.14
30/01/2025,Noche,191.05,115.99,6.42,58.95,751.69,5.9,13.14
31/01/2025,Mañana,182.93,127.22,9.88,63.66,751.62,3.49,4.72
31/01/2025,Tarde,192.49,96.85,1.74,71.38,744.6,3.71,11.2
31/01/2025,Noche,140.35,100.99,0.8,76.24,743.18,5.86,14.94
01/02/2025,Mañana,178.59,114.37,0.44,45.78,746.68,3.1,5.46
01/02/2025,Tarde,166.85,86.69,1.19,54.04,744.06,5.73,12.83
01/02/2025,Noche,175.09,74.33,8.4,55.07,750.4,5.77,17.77
02/02/2025,Mañana,180.02,108.9,4.76,51.74,746.16,5.62,5.8
02/02/2025,Tarde,170.66,135.6,8.24,56.97,766.23,4.55,11.15
02/02/2025,Noche,197.83,104.67,6.63,62.81,769.42,4.69,22.55
03/02/2025,Mañana,197.55,132.01,0.66,91.16,751.7,4.15,3.94
03/02/2025,Tarde,183.17,121.36,4.93,79.41,763.82,5.19,12.46
03/02/2025,Noche,168.59,138.65,8.35,47.34,755.68,3.79,16.27
04/02/2025,Mañana,191.08,87.95,6.11,83.63,760.09,5.82,6.85
04/02/2025,Tarde,156.44,108.58,8.44,74.99,760.03,4.48,13.79
04/02/2025,Noche,167.26,134.36,5.05,62.28,743.59,4.01,13.07
05/02/2025,Mañana,142.58,98.54,9.05,62.11,750.13,3.85,6.25
05/02/2025,Tarde,142.07,124.82,4.96,76.04,766.84,4.15,11.97
05/02/2025,Noche,191.56,95.17,9.31,97.39,742.56,4.96,13.05
06/02/2025,Mañana,163.09,88.9,1.09,95.25,743.75,5.44,2.97
06/02/2025,Tarde,189.6,126.94,0.6,95.38,763.87,4.3,8.7
06/02/2025,Noche,144.31,80.95,4.09,40.72,751.57,3.47,14.24
07/02/2025,Mañana,167.72,125.97,7.35,86.59,743.09,5.59,6.15
07/02/2025,Tarde,180.33,81.66,5.01,57,748.01,3.47,13.12
07/02/2025,Noche,167.79,82.12,6.81,87.63,768.56,5.32,23.01
08/02/2025,Mañana,135.55,112.79,2.35,94.12,751.49,4,2.54
08/02/2025,Tarde,140.32,137.44,6.23,64.51,741.13,5.7,6.97
08/02/2025,Noche,194.47,99.41,5.64,72.68,744.23,3.56,15.08
09/02/2025,Mañana,150.73,94.06,5.72,79.29,767.64,4.77,5.8
09/02/2025,Tarde,162.49,83.94,9.86,92.69,749.91,3.67,6.93
09/02/2025,Noche,146.99,71.53,8.75,91.41,766.13,3.27,15.98
10/02/2025,Mañana,162.58,85.55,9.55,63.35,766.25,3.23,6.1
10/02/2025,Tarde,199.64,103.9,1.18,67.97,753.29,4.95,13.12
10/02/2025,Noche,178.52,114.23,3.99,90.73,760.25,4.48,12.59
11/02/2025,Mañana,199.02,83.19,4.84,56.61,749.13,5.96,6.9
11/02/2025,Tarde,186.26,99.99,9.39,66.66,758.73,4.43,15.11
11/02/2025,Noche,165.2,78.07,4.6,79.84,755.7,5.98,22.04
12/02/2025,Mañana,134.3,139.02,2.85,54,763.29,3.64,6.24
12/02/2025,Tarde,168.06,111.29,9.98,62.83,750.4,5.18,9.62
12/02/2025,Noche,187.49,110.39,4.6,43.55,751.04,3.32,11.26
13/02/2025,Mañana,133.87,102.56,7.72,49.3,763.43,3.66,6.03
13/02/2025,Tarde,130.1,101.79,3.62,58.15,763.19,4.05,15.41
13/02/2025,Noche,130.99,116.96,5.66,79.48,764.55,5.89,20.3
14/02/2025,Mañana,177,90.5,1.16,49.72,758.94,6,6.52
14/02/2025,Tarde,199.06,119.72,6.48,45.58,752.24,4.34,8.01
14/02/2025,Noche,130.71,121.96,8.16,94.24,767.81,4.06,16.15
15/02/2025,Mañana,183.55,73.19,6.82,66.63,751.59,4.31,7.41
15/02/2025,Tarde,143.56,97.77,6.66,49.07,766.53,3.65,15.22
15/02/2025,Noche,154.68,75.06,0.73,52.72,766.47,5.3,22.48
16/02/2025,Mañana,174.95,122.05,4.42,77.68,747.06,5.84,6.13
16/02/2025,Tarde,185.77,139.1,0.99,40.13,757.53,3.02,7.43
16/02/2025,Noche,162.15,130.38,0.85,67.46,753.23,4.51,15.02
17/02/2025,Mañana,184.98,101.39,1.51,75.64,762.1,5.04,6.48
17/02/2025,Tarde,147.11,84.67,6.11,74.9,765.38,4.72,15.78
17/02/2025,Noche,158.16,117.2,9.79,66.11,746.63,3.91,12.69
18/02/2025,Mañana,151.4,83.63,6.15,67.98,746.27,4.15,6.47
18/02/2025,Tarde,133.13,82.03,4.43,88.37,742.01,5.01,11.84
18/02/2025,Noche,143.51,85.9,9.81,44.91,766.26,5.28,21.15
19/02/2025,Mañana,133.72,94.55,0.03,94.13,766.67,5.01,2.89
19/02/2025,Tarde,138.34,78.78,2.19,95.19,769.78,4.11,8.85
19/02/2025,Noche,199.92,113.59,7.36,81.16,755.45,4.8,17.84
20/02/2025,Mañana,175.63,115.56,2,74.17,763.22,3.68,6.03
20/02/2025,Tarde,152.51,116.27,3.91,81.36,754.21,5.25,11.82
20/02/2025,Noche,165.77,126.06,0.17,40.61,758.35,3.74,14.35
21/02/2025,Mañana,139.32,99.48,5.42,76.61,767.86,5.73,6.52
21/02/2025,Tarde,164.19,83.55,3.83,69.28,768.9,5.03,15.94
21/02/2025,Noche,168.05,80.97,1.01,84.3,747.56,3.7,16.6
22/02/2025,Mañana,184.07,77.87,9.96,44.25,762.25,5.64,6.3
22/02/2025,Tarde,170.13,132.43,9.48,46.54,740.05,3.01,5.3
22/02/2025,Noche,183.54,84.76,1.6,73.9,744.05,4.22,16.6
23/02/2025,Mañana,164.93,123.08,7.84,63.13,766.49,5.29,5.89
23/02/2025,Tarde,171.96,109.42,1.69,85.85,761.97,3.15,11.09
23/02/2025,Noche,140.61,104.63,3.67,97.32,762.7,5.6,14.92
24/02/2025,Mañana,148.3,85.29,5.67,87.66,743.06,4.08,7.03
24/02/2025,Tarde,177.91,137.56,8.72,42.36,755.16,3.23,7.6
24/02/2025,Noche,152.04,109.99,1,51.78,755.76,3.52,18.08
25/02/2025,Mañana,144.38,73.19,3.04,40.49,745.56,5.87,6.26
25/02/2025,Tarde,143.09,70.29,8.73,97.73,765.63,4.82,8.32
25/02/2025,Noche,178.45,85.02,8.19,57.38,761.87,5.86,22.02
26/02/2025,Mañana,198.23,125.09,8.5,40.96,757.24,4.9,6.06
26/02/2025,Tarde,163.29,139.32,2.04,42.55,768.63,4,10.29
26/02/2025,Noche,177.94,89.28,1.9,69.2,744.57,4.96,16.35
27/02/2025,Mañana,169.45,91.56,0.3,75.76,755.58,4.05,7.54
27/02/2025,Tarde,163.79,109.5,2.28,48.52,764.56,3.23,10.5
27/02/2025,Noche,153.94,129.18,3.99,43.47,741.05,3.36,10.57
28/02/2025,Mañana,143.16,76.88,3.86,40.56,768.51,5.64,6.96
28/02/2025,Tarde,174.06,79.47,7.48,93.07,751.91,4.36,6.76
28/02/2025,Noche,175.83,102.43,4.78,50.97,757.63,5.42,21
01/03/2025,Mañana,162.45,86.18,2.42,92.6,764.25,3.79,2.5
01/03/2025,Tarde,186.91,70.77,0.97,48.94,759.11,4.77,18.36
01/03/2025,Noche,155.66,85.42,4.22,47.92,760.93,4.25,21.73
02/03/2025,Mañana,136.9,83.96,6.3,56.69,753.14,4.44,7.02
02/03/2025,Tarde,180.05,119.91,5.69,90.34,765.87,5.94,10.6
02/03/2025,Noche,131.19,70.67,4.5,97.11,768.69,4.38,17.66
03/03/2025,Mañana,160.38,130.71,6.9,73.86,754.52,4.37,6.28
03/03/2025,Tarde,136.38,95.76,2.61,95.2,761.8,3.36,8.92
03/03/2025,Noche,133.68,94.82,8.75,65.06,768.47,3.92,22.67
04/03/2025,Mañana,130.95,136.21,1.03,64.82,750.45,5.63,6.31
04/03/2025,Tarde,179.76,120.34,6.07,88.73,762.35,5.75,15.42
04/03/2025,Noche,160.92,92.35,8.13,85.5,766.95,3.86,22.7
05/03/2025,Mañana,197.85,127.9,5.4,95.22,753.75,3.45,2.72
05/03/2025,Tarde,170.82,101.37,6.76,70.81,741.34,3.71,12.25
05/03/2025,Noche,185.8,113.5,6.66,81.14,764.64,3.39,20.98
06/03/2025,Mañana,184.52,134.44,0.16,65.19,753.72,4.21,6.56
06/03/2025,Tarde,181.74,76.85,8.19,55.01,758.25,4.09,18.44
06/03/2025,Noche,188.06,73.15,8.21,78.11,761.22,4.19,22.38
07/03/2025,Mañana,141.03,104.88,5.51,86.3,746.64,3.03,6.71
07/03/2025,Tarde,194.69,96.44,4,97.38,754.31,3.2,9.25
07/03/2025,Noche,194.01,98.19,0.08,71.81,752.33,5.82,18.18
08/03/2025,Mañana,185.07,78.3,2.43,95.72,744.1,5.6,2.9
08/03/2025,Tarde,192.09,94.55,8.35,88.14,754.89,4.56,17.89
08/03/2025,Noche,177.36,129.23,3.61,90.95,753.96,5.99,11.67
09/03/2025,Mañana,194.63,112.92,7.19,62.96,747.86,3.11,5.61
09/03/2025,Tarde,168.88,125.07,0.59,83.71,762.22,5.47,15.86
09/03/2025,Noche,140.02,116.62,7.34,72.05,765.45,5.91,21.32
10/03/2025,Mañana,187.8,74.8,4.87,60.17,755.24,5.38,6.42
10/03/2025,Tarde,140.55,131.93,9.47,41,746.75,5.9,6.68
10/03/2025,Noche,172.44,130.92,6.73,59.9,744.05,3.06,12.93
11/03/2025,Mañana,165.27,92.76,0.57,58.54,764.59,5.4,6.13
11/03/2025,Tarde,157.71,99.79,7.01,56.96,761.49,4.63,18.41
11/03/2025,Noche,167.17,87.22,9.41,74.67,746.27,5.65,17.63
12/03/2025,Mañana,196.16,78.87,1.87,76.21,757.73,5.9,6.87
12/03/2025,Tarde,173.31,79.51,8.66,52.53,742.98,3.72,12.61
12/03/2025,Noche,131.86,131.13,5.3,92.46,750.05,5.14,9.42
13/03/2025,Mañana,141.27,71.27,9.39,80.15,745.27,5.78,6.64
13/03/2025,Tarde,134.97,80.07,3.68,78.55,740.31,5.93,12.28
13/03/2025,Noche,151.61,104.29,7.72,83.67,760.42,4.15,21.45
14/03/2025,Mañana,165.84,93.45,8.76,92.7,769.8,5.89,3.09
14/03/2025,Tarde,145.54,106.02,7.88,85.89,758.21,6,17.66
14/03/2025,Noche,143.04,104.49,6.72,74.6,769.96,5.93,23.16
15/03/2025,Mañana,142.52,117.42,7.06,95.47,743.95,5.87,3.45
15/03/2025,Tarde,162.26,138.46,7.29,63.73,761.4,3.75,14.53
15/03/2025,Noche,182.97,116.62,1.18,56.46,763.99,5.61,20.73
16/03/2025,Mañana,167.78,80.13,8.17,55.57,764.05,5.1,6.69
16/03/2025,Tarde,133.46,138.77,0.87,63.98,756.16,5.18,14.57
16/03/2025,Noche,181.27,83.72,2.37,96.52,760.28,3.2,15.42
17/03/2025,Mañana,152.65,79.63,3.9,84.89,746.7,3.06,7.39
17/03/2025,Tarde,135.51,75.03,2.99,63.15,761.36,5.23,18.56
17/03/2025,Noche,198.8,131.74,4.26,44.61,765.71,3.42,18.8
18/03/2025,Mañana,147.31,139.44,8.49,86.74,764.8,5.25,6.48
18/03/2025,Tarde,138.22,138.14,1.29,48.67,754.77,5.34,14.15
18/03/2025,Noche,160.58,81.76,7.91,44.74,756.55,3.52,19.56
19/03/2025,Mañana,198.03,130.11,3.07,92.26,753.02,3.34,2.2
19/03/2025,Tarde,143.84,131.23,0.64,75.47,760.61,5.5,15.57
19/03/2025,Noche,168.59,98.52,5.95,59.67,767.09,3.59,22.36
20/03/2025,Mañana,168.2,87.01,9.54,84.62,743.7,3.87,6.96
20/03/2025,Tarde,134.37,81.56,3.67,62.49,748.23,5.47,13.17
20/03/2025,Noche,156.21,102.79,6.25,87.39,755.43,3.71,20.85
21/03/2025,Mañana,178.35,73.23,1.9,88.96,757.7,4.94,6.79
21/03/2025,Tarde,185.75,101.4,3.69,50.59,758.13,5.37,18.15
21/03/2025,Noche,191.74,73.48,7.33,76.27,757.76,4.03,21.88
22/03/2025,Mañana,176.62,126.92,2.5,75.83,757.85,4.31,6.08
22/03/2025,Tarde,152.61,105.5,4.74,52.84,740.64,4.35,11
22/03/2025,Noche,170.75,103.7,3.8,78.4,762.95,4.21,22.19
23/03/2025,Mañana,183.02,94.92,5.26,87.4,765.73,3.34,6.31
23/03/2025,Tarde,160.15,117.64,0.65,99.09,756.84,4.29,9.71
23/03/2025,Noche,163.9,132.18,3.9,60.72,761.8,4.24,19.03
24/03/2025,Mañana,178.45,89.32,0.26,97.14,761.14,4.51,3.2
24/03/2025,Tarde,146.7,84.79,1.37,83.09,769.56,4.26,19.27
24/03/2025,Noche,179.91,118.36,4.42,65.68,762.09,3.23,17.89
25/03/2025,Mañana,191.15,117.96,4.12,43.19,762.54,4.26,5.86
25/03/2025,Tarde,138.5,116.81,9.28,92.52,766.34,5.71,8.45
25/03/2025,Noche,134.69,110.7,7.73,92.15,756,3.78,10.97
26/03/2025,Mañana,185.04,126.65,3.06,68.73,745.88,3.3,5.98
26/03/2025,Tarde,183.15,79.4,4.55,45.11,754.36,3.24,14.8
26/03/2025,Noche,188.58,89.3,5.17,84.74,756.19,3.82,21.45
27/03/2025,Mañana,130.28,125.65,6.53,64.2,762.71,5.43,6.95
27/03/2025,Tarde,178.67,139.41,0.18,85.69,759.17,4.02,14.79
27/03/2025,Noche,166.58,138.2,0.2,94.05,750.22,5.52,9.45
28/03/2025,Mañana,149.63,87.74,8.4,90.64,754.58,4.53,7.49
28/03/2025,Tarde,183.55,138.07,2.96,58.66,759.54,5.98,14.41
28/03/2025,Noche,137.14,88.31,8.04,73.55,765.05,3.41,22.76
29/03/2025,Mañana,167.39,109.98,7.3,48.17,751.23,4.45,7.03
29/03/2025,Tarde,181.11,86.65,7.15,99.47,755.08,4.16,9.5
29/03/2025,Noche,131.59,110.45,5.69,88.93,764.32,3.38,19.47
30/03/2025,Mañana,199.82,82.38,8.91,51.82,755.78,4.24,7.78
30/03/2025,Tarde,137.38,110.67,3.89,97.65,751.04,5.29,9.38
30/03/2025,Noche,137.53,97.38,0.64,44.23,749.69,5.59,14.5
31/03/2025,Mañana,156.77,136.73,8.48,92.39,761.79,5.18,2.94
31/03/2025,Tarde,142.51,135.88,2.14,81.61,742.31,3.74,9.62
31/03/2025,Noche,180.82,84.53,4.43,82.74,755.21,5.64,22.07
01/04/2025,Mañana,176.6,72.4,8.73,92.09,762.06,4.21,6.12
01/04/2025,Tarde,190.04,82.85,6.45,99.16,741.67,5.73,11.54
01/04/2025,Noche,186.69,95.47,0.06,49.87,750.83,5.01,16.74
02/04/2025,Mañana,140.53,95.48,3.7,89.48,754.83,5.26,14.15
02/04/2025,Tarde,165.45,78.19,3.81,49.68,749.62,3.04,16.56
02/04/2025,Noche,183.44,99.1,9.1,43.04,763.29,3.71,19.09
03/04/2025,Mañana,185.58,85.45,3.82,62.72,749.31,5.82,11.84
03/04/2025,Tarde,144.32,91.07,0.9,48.49,740.21,5.03,13.51
03/04/2025,Noche,160.18,101.55,2.08,66.96,746.67,3.09,15.88
04/04/2025,Mañana,190.38,76.19,7.62,74.92,746.43,4.17,11.27
04/04/2025,Tarde,176.25,71.1,2.95,88.02,743.36,5.54,13.39
04/04/2025,Noche,173.75,82.53,3.16,98.46,754.45,3.16,15.87
05/04/2025,Mañana,186.74,124.9,4.74,47.62,744.84,3.92,10.03
05/04/2025,Tarde,137.63,110.87,7.06,79.84,766.49,3.67,24.68
05/04/2025,Noche,176.49,85.57,3.95,73.13,754.67,3.14,21.78
06/04/2025,Mañana,135.82,125.48,3.88,54.27,753.42,3.77,11.83
06/04/2025,Tarde,177.24,74.34,8.8,47.78,749.69,5.38,16.67
06/04/2025,Noche,184.2,136.01,8.81,63.87,756.16,5.81,19.4
07/04/2025,Mañana,158.15,87.72,9.82,59.56,747.08,4.96,11.5
07/04/2025,Tarde,171.21,128.04,8.73,65.61,765.62,3.49,20.78
07/04/2025,Noche,173.95,91.66,2.22,52.95,759.36,3.51,23.04
08/04/2025,Mañana,178.89,119.58,3.45,52.11,757.3,3.09,14.22
08/04/2025,Tarde,164.02,128.3,3.39,94.64,762.87,4.72,10.83
08/04/2025,Noche,156.38,108.36,7.66,40.29,763.17,3.03,17.56
09/04/2025,Mañana,184.68,103.14,1.91,54.7,769.49,5.04,16.18
09/04/2025,Tarde,157.65,109.52,0.76,43.7,741.5,3.79,11.62
09/04/2025,Noche,157.21,84.92,6.77,70.8,762.81,5.58,24.06
10/04/2025,Mañana,170.78,88.16,2.6,71.07,749.91,3.6,11.11
10/04/2025,Tarde,142.35,85.17,0.7,66.41,742.46,3.12,14.87
10/04/2025,Noche,199.35,119.55,4.56,45.96,757.95,5.08,18.72
11/04/2025,Mañana,158.34,124,0.82,49.09,742.43,5.42,9.62
11/04/2025,Tarde,188.74,90.61,5.78,73.64,744.61,5.89,13.64
11/04/2025,Noche,130.75,92.07,8.07,40.76,743.19,5.87,12.97
12/04/2025,Mañana,141.41,131.31,8.28,62.59,766.16,4.02,15.54
12/04/2025,Tarde,189.7,117.44,6.38,73.77,751.56,3.97,16.85
12/04/2025,Noche,158.27,103.53,1.12,49.14,742.67,3.84,15.08
13/04/2025,Mañana,168.57,125.53,2.13,74.34,744.76,4.75,9.88
13/04/2025,Tarde,130.41,120.8,9.44,94.68,755.98,4.85,11
13/04/2025,Noche,167.2,123.85,1.72,94.74,762.97,3.39,14.32
14/04/2025,Mañana,166.48,74.66,7.77,98.47,757.18,5.08,7.85
14/04/2025,Tarde,177.75,97.85,8.65,58.51,744.1,3,13.89
14/04/2025,Noche,162.15,139.79,7.48,97.05,752.31,3.65,11.6
15/04/2025,Mañana,132.84,93.03,2.36,84.21,747.44,3.25,10.75
15/04/2025,Tarde,136.73,94.69,7.26,79.8,740.77,3.8,13.71
15/04/2025,Noche,179.64,100.88,3.57,61.53,758.35,5.95,22.03
16/04/2025,Mañana,157.69,121.46,9.07,79.37,745.49,4.46,10
16/04/2025,Tarde,161.01,118.8,5.7,74.36,749.03,3.42,15.31
16/04/2025,Noche,165.89,92.15,5.97,53.47,753.36,3.57,19.46
17/04/2025,Mañana,145.57,81.44,9.88,72.67,751.34,4.07,11.92
17/04/2025,Tarde,193.65,123,9.51,68.47,742.52,4.31,13.54
17/04/2025,Noche,184.3,81.74,2.46,62.02,760.6,4.27,23.43
18/04/2025,Mañana,130.26,133.49,10,85.73,752.58,5.67,11.02
18/04/2025,Tarde,195.18,105.23,7.93,56.47,744.08,3.67,14.3
18/04/2025,Noche,154.23,137.14,6.87,86.02,758.02,4.2,19.59
19/04/2025,Mañana,147.31,111.56,6.83,99.92,767.28,3.17,9.94
19/04/2025,Tarde,181.65,99.07,6.09,92.72,757.79,4.58,10.72
19/04/2025,Noche,169.75,123.03,3.12,68.53,744.64,3.25,14.7
20/04/2025,Mañana,160.45,104.52,3.45,44.99,759.96,4.64,14.41
20/04/2025,Tarde,197.74,89.89,3,81.49,766.13,4.3,23.96
20/04/2025,Noche,145.41,123.78,0.03,40.27,755.14,3.35,15.26
21/04/2025,Mañana,193.36,122.77,3.28,80.84,767.77,5.99,15.73
21/04/2025,Tarde,187.29,112.9,5.53,83.33,766.31,4.56,23.42
21/04/2025,Noche,157.06,103.48,5.03,70.79,765.78,3.59,23.02
22/04/2025,Mañana,155.99,94.35,9.25,89.19,762.98,5.76,15.52
22/04/2025,Tarde,171.29,125.79,3.08,41.47,760.42,5.79,17.04
22/04/2025,Noche,133.13,99.39,6.06,98.65,757.33,4.96,14.3
23/04/2025,Mañana,133.93,84.5,3.03,56.82,752.03,4.61,12.49
23/04/2025,Tarde,196.69,120.79,9.55,86.78,760.43,4.87,20.63
23/04/2025,Noche,178.11,83.09,0.94,55.5,768.98,5.23,24
24/04/2025,Mañana,180.03,116.27,4.43,69.86,745.54,4.77,10.17
24/04/2025,Tarde,166.96,123.47,6.67,53.69,768.9,3.35,22.57
24/04/2025,Noche,139.86,129.15,9.08,70.98,754.61,3.98,18.08
25/04/2025,Mañana,158.47,70.69,5.17,54.61,753.74,4.32,13.5
25/04/2025,Tarde,182.48,114.55,0.42,82.29,740.17,3.99,13.94
25/04/2025,Noche,136.03,108.44,6.51,61.56,757.62,3.25,19.59
26/04/2025,Mañana,195.96,108.79,9.38,49.88,749.39,3.98,11.13
26/04/2025,Tarde,175.1,112.71,9.08,81.5,769.57,5.53,23.83
26/04/2025,Noche,131.4,85.76,4.26,85.75,765.1,5.93,24
27/04/2025,Mañana,180.19,79.68,1.08,95.11,764.25,3.83,7.95
27/04/2025,Tarde,187.3,137.11,5.23,73.19,744.63,5.44,12.94
27/04/2025,Noche,141.76,89.38,8.12,88.67,759.59,4.52,20.9
28/04/2025,Mañana,196.12,84.52,6.48,78.42,755.42,3.28,14.43
28/04/2025,Tarde,155.58,75.6,5.12,78.77,768.49,5.47,23.2
28/04/2025,Noche,174.91,74.64,6.01,71.89,744.46,4.33,18.15
29/04/2025,Mañana,191.83,75.14,8.82,43.7,751.37,5.68,12.58
29/04/2025,Tarde,174.54,73.38,1.78,70.8,743.46,5.3,13.61
29/04/2025,Noche,179.67,104.89,6.42,74.01,752.89,5.38,18.89
30/04/2025,Mañana,146.09,71.66,6.99,40.63,761.2,5.95,15.37
30/04/2025,Tarde,139.99,123.93,5.2,66.54,754.38,4.14,18.42
30/04/2025,Noche,165.66,127.2,3.89,91.21,749.16,4.51,9.88
01/05/2025,Mañana,145.37,126.83,5.46,77.83,759.05,3.15,15.08
01/05/2025,Tarde,160.13,111.8,6.35,43.89,764.49,3.97,20.52
01/05/2025,Noche,174.39,113.48,6.17,57.16,766.83,4.57,22.47
02/05/2025,Mañana,196.2,119.07,1.85,58.35,740.23,4.82,11.25
02/05/2025,Tarde,199.79,139.42,8.04,61.74,760.57,3.35,18.43
02/05/2025,Noche,179.88,87.99,7.94,85.94,753.57,5.62,22.19
03/05/2025,Mañana,196.4,97.01,7.19,72.3,755.74,4.85,15.99
03/05/2025,Tarde,187.63,111.67,5.93,94.29,740.19,5.83,8.6
03/05/2025,Noche,161.36,114.24,8.05,72.8,759.91,5.5,20.34
04/05/2025,Mañana,142.21,137.1,4.02,67.61,741.45,4.75,10.53
04/05/2025,Tarde,138.47,116.04,4.65,97.7,746.12,4,11.98
04/05/2025,Noche,188.31,107.63,6.53,95.94,740.19,5.25,13.49
05/05/2025,Mañana,156.17,137.66,9.66,44.12,754.18,5.35,13.63
05/05/2025,Tarde,194.13,80.97,0.36,62.11,756.44,3.79,22.62
05/05/2025,Noche,159.25,119.69,3.74,67.61,768.1,5.83,22.33
06/05/2025,Mañana,144.2,98.1,0.15,77.7,765.33,4.3,17.67
06/05/2025,Tarde,165.27,86.2,4.9,98.15,751.92,5.96,13.08
06/05/2025,Noche,190.46,127.13,8.53,73.61,752.38,4.08,16.66
07/05/2025,Mañana,184.74,112.74,7.64,46.69,746.43,4.3,11.11
07/05/2025,Tarde,131.42,104.68,6.2,60.99,767.09,5.67,24.81
07/05/2025,Noche,191.72,92.55,6.63,89.03,765.12,3.27,21.28
08/05/2025,Mañana,149.44,82.09,8.01,65.64,763.87,4.25,17.54
08/05/2025,Tarde,155.61,81.77,9.53,87.29,741.79,5.25,17.23
08/05/2025,Noche,170.07,110.98,2.4,52.09,761.48,4.83,20.99
09/05/2025,Mañana,160.59,81.77,2.73,61.85,768.81,5.88,18.51
09/05/2025,Tarde,187.88,119.09,8.82,49.01,747.61,5.07,15.4
09/05/2025,Noche,178.92,134.29,9.38,44.46,766.46,5.69,20.12
10/05/2025,Mañana,184.77,120,6.91,75.47,750.85,4.27,12.07
10/05/2025,Tarde,186.84,93.56,8.11,68.09,757.83,5.07,22.34
10/05/2025,Noche,147.53,99.27,3.1,53.38,752.57,3.37,18.72
11/05/2025,Mañana,130.74,124.32,5.05,64.35,759.4,5.16,16.23
11/05/2025,Tarde,187.16,87.26,8.34,59.5,743.28,5.11,17.32
11/05/2025,Noche,135.63,79.45,6.19,96.14,764.52,4.32,18.12
12/05/2025,Mañana,189.26,96.56,0.64,59.39,764.92,3.78,17.73
12/05/2025,Tarde,164.37,72.95,0.68,48.14,752.84,5.99,20.08
12/05/2025,Noche,165.69,127.91,0.09,47.12,769.43,3.8,20.6
13/05/2025,Mañana,150.79,81.56,2.37,95.84,751.85,3.79,6.36
13/05/2025,Tarde,163,111.9,3.6,71.41,754.19,4.02,20.12
13/05/2025,Noche,134.74,122.72,8.08,77.11,759.78,5.68,20.07
14/05/2025,Mañana,191.71,126.56,6.71,93.04,766.92,4.92,7.83
14/05/2025,Tarde,143.84,82.64,2.13,88.89,744.14,4.05,17.53
14/05/2025,Noche,191.52,117.32,7.38,47.9,750.3,3.35,14.43
15/05/2025,Mañana,144.7,72.9,3.42,47.46,754.91,4.83,16.07
15/05/2025,Tarde,167.36,135.81,4.73,93.52,743.3,4.2,7.96
15/05/2025,Noche,197.65,107.44,1.54,62.21,746.03,5.24,17.81
16/05/2025,Mañana,172.35,87.39,4.09,41.81,745.08,5.47,11.21
16/05/2025,Tarde,156.3,116.54,0.49,85.13,753.9,4.69,19.6
16/05/2025,Noche,144.24,81.03,9.92,64.58,742.65,4.23,19.73
17/05/2025,Mañana,148.82,100.8,7.48,66.84,759.4,5.95,16.36
17/05/2025,Tarde,173.87,90.35,6.24,55.68,753.87,3.55,20.89
17/05/2025,Noche,190.64,78.54,4.41,64.48,744.42,5.51,20.89
18/05/2025,Mañana,130.87,134.73,7.79,85.58,744.45,4.29,10.81
18/05/2025,Tarde,163.27,129.92,7.53,86.84,759.64,3.04,18.12
18/05/2025,Noche,198.46,113.54,5.28,76.54,741.62,4.66,16
19/05/2025,Mañana,131.88,90.59,6.74,76.25,767.44,3.53,17.96
19/05/2025,Tarde,181.74,132.28,3.78,57.6,764.42,4.14,20.49
19/05/2025,Noche,150.77,93.29,6.73,72.96,764.84,5.02,24.41
20/05/2025,Mañana,136.99,104.95,5.45,96.23,747.61,4.94,7.35
20/05/2025,Tarde,198.42,107.5,1.48,88.9,745.73,3.42,15.88
20/05/2025,Noche,192.68,130.67,9.8,59.31,748.96,3.12,14.62
21/05/2025,Mañana,154.4,123.65,5.12,54.97,743.38,4.49,10.42
21/05/2025,Tarde,166.88,125.89,0.27,65,749.19,4.69,15.64
21/05/2025,Noche,137.26,71.65,7.59,98.57,766.77,5.42,18.9
22/05/2025,Mañana,144.78,97.1,0.49,83.97,754.01,3.44,13.85
22/05/2025,Tarde,174.12,134.78,6.04,55.05,768.86,3.13,21.99
22/05/2025,Noche,184.53,84.81,2.31,95.13,752.36,5.56,14.55
23/05/2025,Mañana,187.71,90.79,5.5,50.46,743.44,4.07,11.2
23/05/2025,Tarde,177.09,136.55,0.42,70.17,757.31,5.07,19.52
23/05/2025,Noche,167.72,121.33,8.44,87.2,752.45,4.76,16.71
24/05/2025,Mañana,171.14,90.18,4.93,41.4,741.76,3.79,11.43
24/05/2025,Tarde,159.19,119.22,6.75,63.42,750.17,3.05,15.15
24/05/2025,Noche,177.2,129.99,4.48,53.26,760.3,4.57,19.28
25/05/2025,Mañana,181.38,130.32,7.67,61.21,767.93,5.47,18.92
25/05/2025,Tarde,165.52,70.72,4.19,51.78,748.85,4.93,19.39
25/05/2025,Noche,197.53,75.58,8.35,85.28,759.12,5.97,25.15
26/05/2025,Mañana,180.54,104.32,8.15,60.19,757.55,3.16,15.46
26/05/2025,Tarde,192.01,102.69,4.28,61.95,758.79,4.8,21.76
26/05/2025,Noche,145.19,92.7,2.39,50.73,754.61,5.48,22.61
27/05/2025,Mañana,171.33,73.44,9.25,52.74,743.28,5.34,11.44
27/05/2025,Tarde,146.47,88.62,9.12,62.84,741.24,3.99,17.29
27/05/2025,Noche,195.79,113.75,4.68,48.02,749.28,4.38,14.61
28/05/2025,Mañana,137.05,130.64,4.65,61.23,763.4,4.97,17.14
28/05/2025,Tarde,137.28,133.99,8.36,48.55,740.75,3.27,13.93
28/05/2025,Noche,179.08,128.64,6.9,51.94,744.12,5.22,15.01
29/05/2025,Mañana,182.68,94.14,5.47,65.05,768.76,5.64,18.78
29/05/2025,Tarde,171.27,78.06,4.18,93.09,757.8,4.46,11.56
29/05/2025,Noche,152.19,114.59,1.99,51.89,768.66,3.59,22.21
30/05/2025,Mañana,137.25,133.03,5.37,61.74,766.38,3.72,17.87
30/05/2025,Tarde,164.58,105.94,5.76,88.95,765.8,5.3,22.2
30/05/2025,Noche,158.67,97.42,5.82,72.75,757.69,4.03,22.74
31/05/2025,Mañana,162.38,124.16,9.46,49.39,763.86,3.39,17.78
31/05/2025,Tarde,145.17,94.76,2.79,92.3,767.96,4.32,13.35
31/05/2025,Noche,169.82,76.86,5.29,61.67,750.54,5.16,22
01/06/2025,Mañana,136.38,94.39,4.32,78.86,768.54,5.71,18.46
01/06/2025,Tarde,158.22,137.52,7.33,73.97,750.36,5.35,16.09
01/06/2025,Noche,147.05,110.02,5.81,62.52,752.16,4.34,18.17
02/06/2025,Mañana,189.52,75.74,2.22,83.1,763.64,3.47,17.27
02/06/2025,Tarde,139.79,75.72,4.93,49.99,754.08,4.81,21.17
02/06/2025,Noche,185.73,125.95,2.09,66.54,752.73,3.22,15.62
03/06/2025,Mañana,159.71,126.17,1.81,40.57,747.29,3.55,11.57
03/06/2025,Tarde,134.18,124.24,3.51,46.1,754,3.05,16.26
03/06/2025,Noche,169.71,113.04,4.67,70.59,742.69,4.11,15.78
04/06/2025,Mañana,182.52,135.31,8.8,78.28,754.9,5.34,14.83
04/06/2025,Tarde,180.37,74.43,4.99,79.01,761.4,5.71,23.29
04/06/2025,Noche,181.01,126.75,8.78,52.93,740.51,3.08,14.77
05/06/2025,Mañana,163.08,121.58,4.19,81.47,747.23,4.6,12.3
05/06/2025,Tarde,198.66,120.04,0.06,85.71,759.97,4.4,21.2
05/06/2025,Noche,133.34,137.15,6.13,90.21,740.6,4.69,10.86
06/06/2025,Mañana,144.87,72.03,3.14,43.35,767.49,4.38,18.08
06/06/2025,Tarde,156.02,122.4,3.37,80.31,747.86,4.31,16.33
06/06/2025,Noche,156.55,131.06,2.46,66.41,748.11,3.61,15.2
07/06/2025,Mañana,153.22,117.73,5.03,99.83,751.88,4.71,7.36
07/06/2025,Tarde,140.65,106.5,0.18,42.38,752.41,4.68,15.44
07/06/2025,Noche,185.21,126.22,8.06,78.47,752.26,4.91,16.74
08/06/2025,Mañana,178.65,89.47,1.73,99.32,769.04,5.09,10.13
08/06/2025,Tarde,172.54,97.14,4.72,62.04,751.65,4.9,19.27
08/06/2025,Noche,168.23,137.54,5.32,98.89,769.93,3.49,17.13
09/06/2025,Mañana,163.21,120.51,2.89,87.31,757.9,4.63,15.91
09/06/2025,Tarde,193.43,128.84,9.17,62.2,751.91,3.85,15.7
09/06/2025,Noche,185.66,109.19,9.77,40.85,758.32,5.28,17.54
10/06/2025,Mañana,162.34,119.54,5.28,91.16,758.17,4.26,7.1
10/06/2025,Tarde,197.36,95.31,9.45,70.46,752.18,3.99,19
10/06/2025,Noche,147.87,70.75,8.11,44.89,748.38,3.95,18.46
11/06/2025,Mañana,139.9,134.77,8.97,63.66,753.84,4.04,12.41
11/06/2025,Tarde,135.83,83.14,5.06,69.34,761.02,5.54,22.93
11/06/2025,Noche,157.81,93.23,0.37,96.29,749.97,3.67,14.86
12/06/2025,Mañana,151.48,73.18,8.42,52.67,748.34,5.48,12.7
12/06/2025,Tarde,183.4,134.12,4.67,55.75,760.64,3.82,19.71
12/06/2025,Noche,199.84,129.74,3.22,65.88,759.97,4.47,19.49
13/06/2025,Mañana,183.46,110.64,9.8,79.65,754.31,5.49,15.18
13/06/2025,Tarde,161.65,99.44,5.23,99.31,741.91,4.31,12.06
13/06/2025,Noche,198.58,99.78,1.24,73.07,766.27,4.55,23.9
14/06/2025,Mañana,182.14,138.45,5.16,86.72,764.38,3.49,16.49
14/06/2025,Tarde,156.04,113.4,9.51,94.84,766.27,5.73,14.6
14/06/2025,Noche,143.33,75.32,9.16,93.77,767.44,5.12,18.29
15/06/2025,Mañana,178.77,122.75,2.29,48.9,768.48,4.53,18.33
15/06/2025,Tarde,135.3,139.03,4.53,60.06,750.28,5.52,15.83
15/06/2025,Noche,191.63,133.96,7.42,70.63,758.43,4.24,19.42
16/06/2025,Mañana,193.22,80.51,1.4,99.96,743.92,3.17,7.51
16/06/2025,Tarde,136.14,136.76,1.43,42.16,754.88,5.01,16.3
16/06/2025,Noche,154.9,72.79,7.24,77.18,744.74,4.94,21.63
17/06/2025,Mañana,194.66,70.42,6.77,66.79,763.3,5.99,17.67
17/06/2025,Tarde,142.12,74.57,6.63,78.38,748.49,4.67,19.81
17/06/2025,Noche,151.68,80.53,0.05,84.95,761.52,5.94,25.39
18/06/2025,Mañana,178.99,74.26,9.21,57.52,768.17,5.44,18.21
18/06/2025,Tarde,182.62,110.78,7.1,45.87,767.43,3.88,23.18
18/06/2025,Noche,160.14,116.45,2.12,47.75,742.19,5.3,14.13
19/06/2025,Mañana,133.89,75.61,6.07,51.34,750.49,5.33,12.59
19/06/2025,Tarde,192.57,118.19,0.79,96.43,758.3,3.3,12.83
19/06/2025,Noche,178.22,118.83,2.31,44.52,764.96,4.97,20.38
20/06/2025,Mañana,159.35,87.28,4,76.41,755.86,4.18,16.42
20/06/2025,Tarde,137.87,114.58,0.24,65.16,769.53,4.97,24.02
20/06/2025,Noche,191.36,121.04,0.91,53.54,766.13,5.8,22.07
21/06/2025,Mañana,164.15,85.61,3.28,99.1,742.41,4.99,7.81
21/06/2025,Tarde,143.65,84.95,6.01,50.6,764.28,4.56,23.55
21/06/2025,Noche,166.25,75.78,0.63,56.19,752.94,5.87,23.36
22/06/2025,Mañana,139.31,126.6,8.34,56.71,768.63,5.86,18.54
22/06/2025,Tarde,152.89,130.09,1.29,98.41,741.72,5.06,11.68
22/06/2025,Noche,154.97,80.31,3.77,66.21,753.82,4.6,23.52
23/06/2025,Mañana,135.39,80.79,3.6,48.5,764.92,3.57,17.98
23/06/2025,Tarde,174.23,105.1,1.56,90.01,755.21,5.91,13.88
23/06/2025,Noche,145.23,134.56,7.01,51.65,768.56,3.23,21.11
24/06/2025,Mañana,170.4,100.17,5.84,81.2,749.16,5.03,12.64
24/06/2025,Tarde,189.21,120.67,9.04,56.39,766.65,5.17,23.23
24/06/2025,Noche,158.69,128.58,0.45,91.36,761.5,4.18,12.44
25/06/2025,Mañana,156.41,113.78,7.9,72.31,748.2,4.55,12.29
25/06/2025,Tarde,156.43,136.04,5.29,51.99,750.09,3.81,15.4
25/06/2025,Noche,161.58,109.38,0.73,75.36,741.98,4.73,16.61
26/06/2025,Mañana,143.14,108.75,2.8,81.72,743.28,4.22,11.26
26/06/2025,Tarde,184.43,127.8,5.98,94.19,742.06,3.62,8.19
26/06/2025,Noche,136.16,100.19,6.3,71.35,765.37,4.91,23.46
27/06/2025,Mañana,138.87,128.39,7.53,85.04,761.6,5.89,16.98
27/06/2025,Tarde,131.51,104.88,8.74,86.55,768.7,4.82,24.71
27/06/2025,Noche,146.22,128.55,3.38,63.04,752.9,6,16.66
28/06/2025,Mañana,153.91,109.08,6.27,41.08,748.9,3.33,12.08
28/06/2025,Tarde,146.14,82.72,7.98,75.04,741.58,3.01,16.92
28/06/2025,Noche,196.6,76.19,1.73,91.51,753.85,4.52,14.05
29/06/2025,Mañana,130.52,137.6,6.25,65.68,765.32,5.31,17.79
29/06/2025,Tarde,138.78,101.96,0.19,81.39,741.05,4.04,16.95
29/06/2025,Noche,165.97,99.1,3.58,76.77,757.98,3.51,22.44
30/06/2025,Mañana,132.65,134.34,6.65,61.33,745.28,3.31,10.5
30/06/2025,Tarde,150.03,82.9,5.4,63.01,761.25,5.62,22.45
30/06/2025,Noche,173.4,103.77,3.7,43.85,752.97,3.34,15.64
01/07/2025,Mañana,192.62,71.56,5.49,88.76,745.19,4.06,11.64
01/07/2025,Tarde,180.13,118.69,8.86,43.04,764.57,3.43,19.08
01/07/2025,Noche,130.28,93.63,7.61,64.16,762.08,5.68,23.69
02/07/2025,Mañana,142.08,99.79,3.53,74.86,756.5,3.05,15.07
02/07/2025,Tarde,138.08,100.41,3.79,65.49,748.78,5.49,18.62
02/07/2025,Noche,198.97,89.34,2.65,80.97,754.83,4.63,23.45
03/07/2025,Mañana,136.03,70.58,9.45,51.54,762.59,3.1,16.15
03/07/2025,Tarde,169.45,100.51,5.72,92.95,748.75,5.95,9.51
03/07/2025,Noche,138.88,70.95,3.88,50.57,747.74,5.53,21.74
04/07/2025,Mañana,168.94,78.68,2.62,62.04,742.32,4.64,11.48
04/07/2025,Tarde,179.76,84.71,2.83,54.16,753.76,3.21,20.3
04/07/2025,Noche,159.87,78.41,2.74,56.1,747.11,3.98,21.48
05/07/2025,Mañana,189.21,79.75,8.49,92.36,753.81,4.88,4.75
05/07/2025,Tarde,163.24,86.29,5.24,67.69,743.6,3.58,18.17
05/07/2025,Noche,165.1,103.69,3.44,54.23,750.23,3.13,17.04
06/07/2025,Mañana,172.75,73.04,9.17,70.58,747.4,5,12.83
06/07/2025,Tarde,190.9,86.13,5.29,73.14,750.74,4.06,19.97
06/07/2025,Noche,160.8,111.38,9.67,79.92,745.67,5.04,16.86
07/07/2025,Mañana,173.61,96.47,4.22,74.59,751.1,5.73,12.6
07/07/2025,Tarde,189.45,126.94,9.65,72.18,744.78,5.76,14.56
07/07/2025,Noche,195.52,89.94,3.73,71.38,761.55,5.03,24.4
08/07/2025,Mañana,175.74,138.05,9.87,50.31,767.73,5.81,16.62
08/07/2025,Tarde,185.81,135.74,0.77,65.01,767.04,5.42,22.63
08/07/2025,Noche,147.37,115.59,2.48,47.03,752.07,4.6,15.13
09/07/2025,Mañana,131.29,92.09,1.56,48.24,761.89,4.22,16.43
09/07/2025,Tarde,156.65,122.76,5.34,58.57,765.9,3.37,22.31
09/07/2025,Noche,149.47,84.46,0.55,49.25,766.51,4.47,24.88
10/07/2025,Mañana,187.29,100.15,0.9,81.35,749.97,4.86,12.19
10/07/2025,Tarde,197.7,113.56,1.57,88.26,748.42,5.81,16.97
10/07/2025,Noche,150.96,107.55,5.23,56.85,761.4,3.21,20.69
11/07/2025,Mañana,162.52,125.68,8.28,76.68,769.06,5.55,17.9
11/07/2025,Tarde,150.44,102.23,2.74,68.92,762.75,4.26,23.08
11/07/2025,Noche,152.91,111.56,9.88,97.97,759.92,4.45,13.24
12/07/2025,Mañana,132.17,107.34,4.57,48.08,755.59,5.46,16.02
12/07/2025,Tarde,186.51,110,8.07,77.46,764.24,4.04,23.11
12/07/2025,Noche,185.25,85.73,8.26,42.51,748.57,3.37,16.07
13/07/2025,Mañana,143.81,87.31,0.1,65.46,751.49,5.43,13.47
13/07/2025,Tarde,190.18,105.16,3.61,63.98,749.5,4.06,18.78
13/07/2025,Noche,152.05,75.41,4.8,45.49,762.12,4.58,23.65
14/07/2025,Mañana,148.97,119.36,3.19,71.63,756.57,5.57,15.75
14/07/2025,Tarde,157.18,101.12,1.56,57.18,766.29,4.35,24.62
14/07/2025,Noche,171.41,89.02,0.01,65.3,757.19,5.6,24.43
15/07/2025,Mañana,177.22,71.03,6.6,53.41,760.95,4.14,16.47
15/07/2025,Tarde,190.16,138.64,4.23,97.04,748.71,5.61,11.5
15/07/2025,Noche,151.71,84.95,0.21,80.1,743.96,3.34,19.27
16/07/2025,Mañana,160.57,120.12,1.69,91.4,765.19,4.13,7.08
16/07/2025,Tarde,149.44,129.28,1.11,63.88,744.8,5.44,14.25
16/07/2025,Noche,163.8,113.93,4.69,43.41,749.83,3.97,13.1
17/07/2025,Mañana,163.44,107.66,3.49,50.96,768.4,4.67,17.64
17/07/2025,Tarde,139.36,82.89,6.91,61.98,748.57,5.7,19.66
17/07/2025,Noche,170.79,111.67,2.68,62.4,759.27,5.32,20.04
18/07/2025,Mañana,194.38,125.98,1.5,83.22,747.86,3,10.67
18/07/2025,Tarde,189.75,109.87,3.74,87.44,766.61,5.29,24.42
18/07/2025,Noche,198.58,78.98,5.38,78.78,740.24,3.59,19.24
19/07/2025,Mañana,192.45,94.73,3.83,44.75,760.41,4.47,16.06
19/07/2025,Tarde,145.1,110.19,8.1,81.85,761.87,5.86,22.3
19/07/2025,Noche,148.17,131.64,5.4,77.23,750.94,4.05,15.92
20/07/2025,Mañana,159.05,83.29,9.27,76.61,763.05,4,17.31
20/07/2025,Tarde,199.97,99.47,3.1,53.73,764.32,4,23.44
20/07/2025,Noche,135.6,71.36,7.81,86.92,751.51,3.88,22.24
21/07/2025,Mañana,186.4,83.4,8.25,57.17,755.42,3.5,15.4
21/07/2025,Tarde,140.11,113.4,2.67,65.86,767.27,5.14,23.49
21/07/2025,Noche,187.74,134.79,2.51,86.25,740.4,5.96,15.41
22/07/2025,Mañana,153.2,132.14,8.65,70.28,749.27,4.08,11.42
22/07/2025,Tarde,184.5,120.38,5.97,40.62,769.35,4.91,21.14
22/07/2025,Noche,136.84,87.9,0.85,82.12,768.79,5.26,24.65
23/07/2025,Mañana,173.59,81.22,9.02,74.07,768.35,3.71,17.89
23/07/2025,Tarde,176.05,87.01,1.28,44.4,756.08,3.59,21.43
23/07/2025,Noche,177.67,80.51,1.45,47.67,748.57,5.91,19.92
24/07/2025,Mañana,198.08,113.19,4.02,91.87,764.73,4.1,6.7
24/07/2025,Tarde,143.38,111.86,4.3,73.79,760.74,3.58,21.55
24/07/2025,Noche,193.04,102.87,4.52,73.96,753.95,3.22,20.38
25/07/2025,Mañana,174.3,100.1,0.66,49.49,745.82,3.4,10.62
25/07/2025,Tarde,161.42,126.05,6.67,69.71,747.01,4.19,15.5
25/07/2025,Noche,159.53,95.78,7.67,55.08,747.34,5.27,18.71
26/07/2025,Mañana,189.54,109.07,7.96,93.91,762.23,4.15,6.22
26/07/2025,Tarde,157.28,80.03,3.94,73.44,757.62,4.46,23.07
26/07/2025,Noche,193.54,71.57,2.99,70.43,761.69,5.25,25.26
27/07/2025,Mañana,188.09,115.22,9.01,91.77,754.89,4.21,5.66
27/07/2025,Tarde,168.95,72.58,0.13,40.71,755.18,3.09,18.33
27/07/2025,Noche,196.77,71.74,6.3,40.15,744.08,4.99,16.62
28/07/2025,Mañana,167.91,115.94,3.57,80.85,754.33,3.65,14.68
28/07/2025,Tarde,153.06,124.44,3.74,89.76,751.04,4.93,13.21
28/07/2025,Noche,185.89,131.18,1.66,74.18,752.11,3.37,15.45
29/07/2025,Mañana,143.28,133.38,6.94,59.8,767.43,5.97,17.16
29/07/2025,Tarde,144.2,89.08,3.43,97.56,763.99,3.01,13.34
29/07/2025,Noche,167.78,107.84,5.48,72.77,764.14,3.29,21.83
30/07/2025,Mañana,159.12,103.34,4.29,80.14,754.58,4.31,15.59
30/07/2025,Tarde,173.08,89.19,7.83,88.04,749.78,3.32,18.18
30/07/2025,Noche,189.74,70.78,6.79,63.6,740.77,4.02,19.94
31/07/2025,Mañana,144.44,115.53,3.66,64.91,762.77,3.19,16.88
31/07/2025,Tarde,133.69,139.82,6.3,97.74,758.42,3.99,12.73
31/07/2025,Noche,163.31,102.08,6.94,60.98,749.73,5.17,18.66
01/08/2025,Mañana,143.05,102.26,6.6,54.29,767.42,3.53,17.58
01/08/2025,Tarde,186.56,131.46,2.81,81.5,743.88,3.59,14.73
01/08/2025,Noche,196.48,134.99,5.72,55.94,746.57,3.66,15.39
02/08/2025,Mañana,178.41,74.8,0.7,52.5,749.23,4.68,12.83
02/08/2025,Tarde,154.66,119.85,1.32,93.77,740.85,4.08,7.49
02/08/2025,Noche,180.06,71.72,8.27,99.27,763.86,5.49,18.17
03/08/2025,Mañana,177.58,136.87,5.52,98.18,746.29,3.53,7.39
03/08/2025,Tarde,199.99,130.03,5.71,94.4,752.14,3.29,7.45
03/08/2025,Noche,131.29,86.71,1.71,73.37,755.1,5.58,24.38
04/08/2025,Mañana,170.11,80.81,1,94.1,746.49,4.08,4.23
04/08/2025,Tarde,176.34,80.32,1.93,49.8,757.65,4.16,22.23
04/08/2025,Noche,176.87,118.39,9.47,78.13,767.18,5.08,22.9
05/08/2025,Mañana,156.41,70.46,5.38,87.02,765.83,5.06,17.39
05/08/2025,Tarde,149.06,81.77,7.75,55.45,754.26,4.23,21.6
05/08/2025,Noche,158.79,82.6,4.45,99.88,761.32,4.1,16.47
06/08/2025,Mañana,155.55,117.71,9.17,51.77,748.22,4.55,11.92
06/08/2025,Tarde,161.28,72.58,0.74,99.98,750.85,5.54,13.27
06/08/2025,Noche,182.41,76.8,8.86,58.53,743.42,3.85,20.75
07/08/2025,Mañana,138.36,86.01,1.21,96.35,746.48,5.65,7.3
07/08/2025,Tarde,130.09,92.81,1.57,54.9,743.55,5.42,17.36
07/08/2025,Noche,185.76,136.81,7.28,70.44,750.86,3.98,15.34
08/08/2025,Mañana,188.17,89.93,7.09,87.3,760.33,5.97,16.37
08/08/2025,Tarde,181.68,89.61,2.77,51.12,763.16,5.61,23.23
08/08/2025,Noche,149.77,134.01,5.69,41.33,751.3,3.24,11.71
09/08/2025,Mañana,197.43,92.58,6.68,69.64,749.78,4.9,12.33
09/08/2025,Tarde,167.27,85.52,1.74,77,769.01,3.48,25.93
09/08/2025,Noche,191.41,73.78,6.09,90.87,751.8,4.93,13.35
10/08/2025,Mañana,153.76,136,1.95,79.78,741.02,4.49,11.05
10/08/2025,Tarde,131.91,99.17,0.15,50.66,764.48,5.48,22.91
10/08/2025,Noche,142.52,138.09,8.78,89.52,741.71,5.35,13.49
11/08/2025,Mañana,146.73,96.35,8.6,69.1,748.08,3.17,11.17
11/08/2025,Tarde,163.75,124.27,3.49,91.67,744.81,4.12,7.36
11/08/2025,Noche,177.43,105.57,8.81,61.65,751.84,5.67,18.81
12/08/2025,Mañana,134.4,133.31,5.55,78.99,754.22,4.38,13.83
12/08/2025,Tarde,138.75,110.63,6.58,81.58,742.7,3.67,15.47
12/08/2025,Noche,131.28,79.39,2.63,66.42,751.92,3.52,21.82
13/08/2025,Mañana,131.38,125.32,1.36,60.24,750.36,3.25,10.9
13/08/2025,Tarde,170.45,79.44,5.95,42.61,764.15,5.77,21.02
13/08/2025,Noche,141.27,120.64,3.16,87.52,743.72,4.55,15.96
14/08/2025,Mañana,181.53,70.92,0.17,77.02,763.21,3.64,17.04
14/08/2025,Tarde,189.9,94.88,8.63,87.23,745.6,3.84,17.36
14/08/2025,Noche,169.59,88.15,7.11,81.43,757.65,5.96,24.62
15/08/2025,Mañana,188.75,115.75,9.11,71.7,766.47,5.07,17.76
15/08/2025,Tarde,169.65,78.95,9.24,63.12,768.96,5.99,24.89
15/08/2025,Noche,171.19,75.07,5.4,50.48,743.87,4.15,19.88
16/08/2025,Mañana,152.25,105.23,9.56,68.09,754.68,3.79,15.28
16/08/2025,Tarde,149.02,84.69,9.4,45.67,756.12,3.6,21.71
16/08/2025,Noche,132.3,78.66,0.24,98.61,756.28,3.62,16.35
17/08/2025,Mañana,132.3,96.72,6.72,58.6,760.33,3.07,15.66
17/08/2025,Tarde,182.41,75.21,0.04,83.9,766.78,5.42,24.81
17/08/2025,Noche,195.5,111.63,8.57,88.5,748.76,4.94,16.41
18/08/2025,Mañana,176.72,97.79,8.39,63.08,744.25,3.22,10.46
18/08/2025,Tarde,141.2,78.26,6.74,95.59,762.17,4.37,13.48
18/08/2025,Noche,198.15,122.42,8.21,94.54,763.83,3.74,13.81
19/08/2025,Mañana,143.88,109.27,4.52,98.66,765.42,3.04,9.35
19/08/2025,Tarde,142.21,96.27,9.84,78.79,756.21,3.53,21.62
19/08/2025,Noche,181.15,98.47,1.93,44.51,748.26,5.58,15.31
20/08/2025,Mañana,134.48,134.79,9.97,93.47,750.73,5.19,4.02
20/08/2025,Tarde,184.71,139.78,8.91,89.9,759.72,5.01,14.71
20/08/2025,Noche,137.21,132.81,5.66,87.77,757.96,4.46,19.59
21/08/2025,Mañana,160.84,70.04,2.12,57.31,769.4,3.64,18.17
21/08/2025,Tarde,160.38,126.75,5.28,52.01,756.1,4.94,19.46
21/08/2025,Noche,138.52,71.2,6.49,94.04,746.9,4.26,12.49
22/08/2025,Mañana,196.53,113.11,8.55,40.2,761.15,4.66,16.63
22/08/2025,Tarde,198.58,120.38,2.71,47.82,754.65,5.59,19.27
22/08/2025,Noche,149.5,97.28,3.41,47.4,755.09,5.19,21.32
23/08/2025,Mañana,196.24,80.96,6.5,68.63,742.85,4.55,11.54
23/08/2025,Tarde,136.58,81.56,0.4,79.42,752.87,3.45,20.53
23/08/2025,Noche,199.83,108.31,3.69,53.72,740.33,5.22,16.55
24/08/2025,Mañana,133.41,108.23,1.43,42.44,745.93,5.34,10.98
24/08/2025,Tarde,132.57,100.23,6.17,86.91,752.76,4.09,20.06
24/08/2025,Noche,188,125.65,7.92,59.16,762.15,5.69,20.7
25/08/2025,Mañana,166.8,124.23,9.93,55.16,764.17,3.9,17.26
25/08/2025,Tarde,173.26,112.79,0.08,83.79,762.26,4.15,21.26
25/08/2025,Noche,141,83.07,5.09,85.76,761.47,5.31,24.97
26/08/2025,Mañana,171.18,129.59,5.65,86.57,753.97,3.18,13.31
26/08/2025,Tarde,160.55,107.01,9.59,56.13,742.75,3.48,16.25
26/08/2025,Noche,161.46,76.9,6.32,55.57,765.09,3.12,24.02
27/08/2025,Mañana,166.91,77.39,0.22,65.03,765.76,4.06,17.89
27/08/2025,Tarde,143.1,93.24,7.14,82.87,755.21,3.34,20.06
27/08/2025,Noche,137.91,70.91,1.21,46.61,754.14,5.5,22.96
28/08/2025,Mañana,194.37,80.01,2.99,67.29,769.71,3.62,18.6
28/08/2025,Tarde,136.04,130.25,7.14,67.04,761.97,4.29,19.52
28/08/2025,Noche,145.26,78.08,3.2,85.85,767.03,3.98,24.82
29/08/2025,Mañana,182.17,90.33,4.07,51.26,748.42,4.93,12.51
29/08/2025,Tarde,137.97,119.51,4.45,51.22,764.02,5.42,21.42
29/08/2025,Noche,169.95,73.61,9.2,42.08,763.8,3.16,20.95
30/08/2025,Mañana,184.83,137.01,3.63,75.79,748.03,3.65,11.88
30/08/2025,Tarde,137.17,96.62,5.36,71.81,740.88,4.23,16.66
30/08/2025,Noche,190.63,92.85,7.6,73.86,757.36,4.42,23.62
31/08/2025,Mañana,157.8,91,2.09,48.21,742.37,3.73,11.16
31/08/2025,Tarde,144.3,101.22,9.55,95.03,752.45,4.72,11.9
31/08/2025,Noche,170.58,88.67,7.18,94.4,749.47,4.52,11.68
01/09/2025,Mañana,170.53,70.74,6.07,90.16,750.02,3.43,10.85
01/09/2025,Tarde,135.64,105.25,0.62,56.97,760.25,4.03,22.01
01/09/2025,Noche,185.75,109.96,9.74,69.05,744.32,5.84,16.97
02/09/2025,Mañana,135.76,75.84,3.8,55.22,769.87,3.17,17.76
02/09/2025,Tarde,197.6,91.79,4.52,58.91,761.87,4.26,22.74
02/09/2025,Noche,175.7,94.07,6.27,50.89,747.97,3.05,16.5
03/09/2025,Mañana,140,77.09,6.94,55.23,765.98,5.48,17.36
03/09/2025,Tarde,131.03,138.6,7.24,64.73,750.76,3.24,14.34
03/09/2025,Noche,187.5,76.88,2.95,99.07,741.79,4.33,14.7
04/09/2025,Mañana,173.43,91.1,0.88,78.15,742.86,3.99,11.13
04/09/2025,Tarde,136.05,121.48,2.77,67.67,751.54,4.67,16.31
04/09/2025,Noche,199.13,89.35,2.78,88.82,759.58,4.75,20.53
05/09/2025,Mañana,133.4,104.44,1.71,97.09,746.32,5.25,5.41
05/09/2025,Tarde,166.29,81.49,8.6,74,751.77,5.08,20.14
05/09/2025,Noche,148.46,89.87,9.35,44.85,768.23,4.59,22.35
06/09/2025,Mañana,175.25,74.7,0.03,96.66,751.37,3.61,5.29
06/09/2025,Tarde,149.94,105.89,2.46,88.59,764.29,5.47,21.66
06/09/2025,Noche,189.79,121.48,8.12,54.72,762.6,5.27,21.17
07/09/2025,Mañana,133.52,109.22,8.48,98.9,748.25,3.82,5.46
07/09/2025,Tarde,195.64,127.67,6.32,91.63,740.37,3.3,6.68
07/09/2025,Noche,147.68,120.73,4.64,58.27,740.46,3.45,15.32
08/09/2025,Mañana,160.95,114,2.48,56.75,744.29,3.61,10.81
08/09/2025,Tarde,145.97,122.73,4.22,52.01,747.54,5.15,15.34
08/09/2025,Noche,145.04,113.28,2.29,45.82,753.55,3.75,15.23
09/09/2025,Mañana,137.15,138.44,0.44,72.64,743.56,3.04,10.14
09/09/2025,Tarde,159.33,118.16,3.96,63.19,755.64,4.84,20.42
09/09/2025,Noche,181.39,90.39,2.73,70.38,763.98,5.66,24.73
10/09/2025,Mañana,186.08,71.68,2.97,73.01,747.13,3.05,11.2
10/09/2025,Tarde,165.89,71.43,0.68,58.82,759.97,3.81,23.3
10/09/2025,Noche,187.15,80.91,2.16,69.19,751.27,3.7,21.11
11/09/2025,Mañana,191.18,81.91,8.77,65.33,740.42,3.41,11.06
11/09/2025,Tarde,148.58,139.22,9.03,70.76,759.49,5.94,19.94
11/09/2025,Noche,146.33,108.55,5.1,91.65,742.41,4.04,10.21
12/09/2025,Mañana,131.12,138.84,9.52,63.27,763.34,3.59,15.98
12/09/2025,Tarde,195.12,133.58,3.08,45.9,763.29,4.31,19.67
12/09/2025,Noche,197.5,133.46,5.06,72.72,749,4.32,15.99
13/09/2025,Mañana,140.17,89.37,1.83,41.45,748.4,5.14,12.23
13/09/2025,Tarde,180.74,101.22,1.12,55.59,759.18,5.75,22.49
13/09/2025,Noche,155.83,117.4,3.07,82.7,741.51,5.52,15.86
14/09/2025,Mañana,155.71,120.09,9.18,65.4,744.38,4.76,10.39
14/09/2025,Tarde,161.49,78.41,3.97,65.7,760.59,5.37,23.14
14/09/2025,Noche,159.77,79.84,1.97,79.32,756.34,5.84,25.5
15/09/2025,Mañana,131.3,114.89,2.27,48,755.1,5.12,15.76
15/09/2025,Tarde,164.26,119.6,9.21,87.12,742.57,3.88,15.01
15/09/2025,Noche,165.35,106.04,9.26,57.2,761.01,3.09,21.05
16/09/2025,Mañana,191.43,92.24,1.06,93.07,754.52,5.79,4.19
16/09/2025,Tarde,139.58,138.52,5.8,41.54,756.7,5.07,17.03
16/09/2025,Noche,162.92,96.22,9.78,43.46,744.76,3.17,14.2
17/09/2025,Mañana,153.49,122.67,6.24,85.32,758.91,3.02,15.17
17/09/2025,Tarde,148.52,86.32,2.75,43.1,744.15,3.37,14.91
17/09/2025,Noche,155.24,95.58,4.04,73.71,756.46,5.75,22.95
18/09/2025,Mañana,140.65,70.26,2.91,54.15,746.75,5.82,12.29
18/09/2025,Tarde,147.56,133.26,0.68,91.32,766.22,4.53,12.14
18/09/2025,Noche,143.89,108.46,6,92.09,765.03,5.11,15.38
19/09/2025,Mañana,147.21,132.78,3.13,94.6,759.61,5.04,4.74
19/09/2025,Tarde,185.04,101.02,4.67,86.29,761.62,4.68,22.27
19/09/2025,Noche,189.35,73.18,0.42,69.02,755.33,4.83,24.5
20/09/2025,Mañana,134.91,79.34,6.42,56.67,764.69,5.69,17.84
20/09/2025,Tarde,147.66,134.46,7.57,55.09,749.3,4.88,15.68
20/09/2025,Noche,177.83,91.78,4.91,98.2,754.69,4.55,15.1
21/09/2025,Mañana,184.33,114.94,0.17,70.33,768.4,5.75,18.29
21/09/2025,Tarde,159.92,72.99,3.87,65.4,757.49,3.77,23.57
21/09/2025,Noche,184.78,102.24,0.1,73.82,741.22,3.14,16.89
22/09/2025,Mañana,165.13,81.98,9.43,47.06,769.09,5.12,17.99
22/09/2025,Tarde,199.75,95.06,0.75,49.34,756.78,5.57,21.36
22/09/2025,Noche,168.89,79.52,0.67,41.12,767.09,4.68,20.95
23/09/2025,Mañana,177.51,101.84,8.67,89.34,750.95,5.71,12.44
23/09/2025,Tarde,149.6,100.7,4.93,48.22,761.56,3.44,21.47
23/09/2025,Noche,164.2,81.48,4.3,90.44,741.64,3.64,13.43
24/09/2025,Mañana,193.88,72.38,1.93,58.35,741.25,3.43,11.11
24/09/2025,Tarde,133.15,109.96,8.7,50.9,760.77,3.07,20.3
24/09/2025,Noche,193.3,79.64,4.22,79.85,746.56,5.26,21.3
25/09/2025,Mañana,145.1,116.02,3.77,78.1,768.3,4.62,18.15
25/09/2025,Tarde,179.49,79.5,1.1,64.74,761.95,3.38,22.68
25/09/2025,Noche,160.85,95.91,2.44,42.23,740.11,5.3,13.46
26/09/2025,Mañana,138.05,81.79,5.73,52.86,761.27,5.55,17.17
26/09/2025,Tarde,142.96,109.17,8.32,64.67,755.95,5.52,21.3
26/09/2025,Noche,191.02,88.2,0.52,99.24,741.62,3.33,15.31
27/09/2025,Mañana,132.58,107.53,6.84,65.27,756.34,3,15.69
27/09/2025,Tarde,188.48,89.74,0.83,79.42,758.98,5.4,22.76
27/09/2025,Noche,159.86,79.85,3.91,76.56,753.49,3.01,21.57
28/09/2025,Mañana,181.99,97.31,8.62,49.48,757.42,5.01,16.31
28/09/2025,Tarde,179.01,113.96,0.49,78.72,745.89,4.95,15.7
28/09/2025,Noche,161.92,121.44,3.04,75,766.3,3.43,21.74
29/09/2025,Mañana,139.75,89.43,2.98,60.03,754.62,5.2,15.74
29/09/2025,Tarde,143.67,79.47,4.2,63.34,748.97,3.24,18.15
29/09/2025,Noche,196.14,77.11,7.55,67.55,768.3,4.94,24.72
30/09/2025,Mañana,140.78,134.3,2.76,73.56,759.74,4.25,15.06
30/09/2025,Tarde,146.63,127.77,7.56,41.27,751.17,3.21,10.94
30/09/2025,Noche,133.35,113.91,5.95,44.13,762.29,3.31,18.46
01/10/2025,Mañana,132.23,125.18,9.06,68.68,749.53,3.73,11.42
01/10/2025,Tarde,150.49,70.61,9.37,40.74,764.62,5.14,19.97
01/10/2025,Noche,174.47,134.74,2.42,40.42,748.4,3.53,11.63
02/10/2025,Mañana,145.49,78.32,0.06,72.83,764.78,4.42,15.36
02/10/2025,Tarde,177.43,108.41,6.2,51.98,763.13,3.94,21.02
02/10/2025,Noche,166.52,93.8,2.51,55.83,752.53,5.39,19.58
03/10/2025,Mañana,151.3,129.57,2.19,48.3,767.07,3.93,15.39
03/10/2025,Tarde,185.35,76.23,5.14,44.79,744.53,4.8,14.65
03/10/2025,Noche,165.9,83.16,5.29,73.79,751.54,3.66,21.64
04/10/2025,Mañana,156.47,125.23,0.04,43.09,766,4.11,15.33
04/10/2025,Tarde,135.65,93.53,6.13,89.88,746.4,5.7,11.89
04/10/2025,Noche,192.08,79.75,0.28,81.07,740.24,3.04,18.5
05/10/2025,Mañana,149.36,123.91,5.43,77.32,747.69,3.25,10.84
05/10/2025,Tarde,193.05,110.1,6.87,81.27,760.96,3.81,20.43
05/10/2025,Noche,172.29,105.77,0.58,53.43,758.35,5.82,21.85
06/10/2025,Mañana,196.02,135.05,8.51,40.09,762.53,4.8,13.84
06/10/2025,Tarde,171.51,96.25,3.08,55.44,756.19,3.78,20.69
06/10/2025,Noche,172.71,132.84,1.43,94.25,768.71,3.93,15.59
07/10/2025,Mañana,184.02,85.22,8.36,56.29,752.11,3.6,12.52
07/10/2025,Tarde,186.48,135.6,7.37,53.46,768.56,5.7,20.34
07/10/2025,Noche,134.5,92.08,2.16,55.91,759.75,5.51,23.86
08/10/2025,Mañana,193.59,119.61,8.2,57.65,744.44,4.5,10.2
08/10/2025,Tarde,182,89.09,0.85,71.51,762.29,4.53,21.5
08/10/2025,Noche,176.24,96.19,6.79,79.1,748.66,4.3,18.31
09/10/2025,Mañana,196.93,129.14,8.15,76.1,743.14,5.86,10.64
09/10/2025,Tarde,176.05,135.97,2.86,98.69,743.72,5.23,8.72
09/10/2025,Noche,141.75,82.28,7.25,58.82,754.04,5.77,23.95
10/10/2025,Mañana,198.58,90.34,8.56,74.96,751.85,4.28,12.43
10/10/2025,Tarde,182.09,91.4,3.49,67.23,765.36,5.42,22.08
10/10/2025,Noche,189.46,104.7,0.43,98.26,765.86,5.2,16.29
11/10/2025,Mañana,192.18,128.93,8.3,58.85,764.64,4.71,14.98
11/10/2025,Tarde,138.96,71.92,6.36,96.28,747.68,5.11,9.27
11/10/2025,Noche,190.12,74.19,5.86,56.74,749.43,3.14,20.18
12/10/2025,Mañana,143.74,117.02,1.82,67.32,747.07,5.22,11.13
12/10/2025,Tarde,144.67,131.8,0.54,45.49,763.17,3.08,17.3
12/10/2025,Noche,169.27,125.07,9.91,51.06,765.84,5.36,21.26
13/10/2025,Mañana,189.81,125.05,2.38,75.71,751.97,5.91,12.24
13/10/2025,Tarde,145.38,106.9,4.1,40.56,756.89,5.37,18.15
13/10/2025,Noche,170.44,105.65,7.89,88.02,761.37,3.97,21.16
14/10/2025,Mañana,143.55,109.58,8.16,79.76,765.95,5.41,15.31
14/10/2025,Tarde,179.78,93.89,2.57,68.41,753.81,5.03,19.39
14/10/2025,Noche,197.64,96.55,9.54,42.4,765.91,4.78,19.71
15/10/2025,Mañana,188.53,82.69,5.75,64.38,768.23,3.59,15.82
15/10/2025,Tarde,139.59,91.2,5.31,49.98,749.15,3.81,16.94
15/10/2025,Noche,156.41,93.58,9.6,45.76,764.62,5.9,21.67
16/10/2025,Mañana,184.62,106.4,0.09,49.71,748.95,3.05,10.78
16/10/2025,Tarde,194.1,94.26,4.97,95.84,768.07,4.56,10.37
16/10/2025,Noche,140.45,88.15,5.38,59.33,755.16,3.34,22.33
17/10/2025,Mañana,152.41,119.43,7.44,95.17,755.47,4.77,5.59
17/10/2025,Tarde,162.82,139.91,7.01,51.85,745.41,5.64,13.16
17/10/2025,Noche,137.17,84.01,7.85,53.83,763.69,4.28,24.63
18/10/2025,Mañana,198.13,131.16,1.86,72.78,750.16,3.66,10.93
18/10/2025,Tarde,196.63,106,5.38,86.33,749.73,3.44,16.43
18/10/2025,Noche,190.49,134.83,2.03,66.86,741.52,5.21,14.85
19/10/2025,Mañana,167.79,99.57,3.19,90.18,755.99,5.62,14
19/10/2025,Tarde,192.38,86.22,3.05,80.6,756.44,5.89,21.31
19/10/2025,Noche,138.29,123.06,8.27,82.65,742.9,5.22,15.45
20/10/2025,Mañana,194.45,135.22,8.88,52.11,760.61,5.69,13.41
20/10/2025,Tarde,141.5,110.22,8.15,54.61,745.51,5.74,14.78
20/10/2025,Noche,141.13,122.72,0.64,79.69,748,4.18,15.86
21/10/2025,Mañana,161.88,70.03,8.61,96.21,761.6,5.85,6.51
21/10/2025,Tarde,157,121.34,4.17,48.13,760.41,4.6,18.8
21/10/2025,Noche,165.41,120.48,4.18,85.38,744.27,5.15,15.47
22/10/2025,Mañana,198.75,107.5,2.59,52.45,758.42,3.94,14.06
22/10/2025,Tarde,171.01,93.45,5.58,40.06,761.91,4.25,18.75
22/10/2025,Noche,185.69,89.64,0.64,46.08,744.98,3.96,16.99
23/10/2025,Mañana,174.92,107.62,9.43,65.61,740.22,3.48,10.13
23/10/2025,Tarde,137.25,123.99,8.88,78.64,765.54,3.86,19.95
23/10/2025,Noche,176.69,113.77,1.49,77.33,763.26,5.51,21.03
24/10/2025,Mañana,130.03,102.86,8.91,53.32,758.32,5.73,14.6
24/10/2025,Tarde,157.75,88.57,9.15,68.17,753.07,4.16,19.13
24/10/2025,Noche,148.85,124.21,6.17,68.23,764.01,4.44,20.4
25/10/2025,Mañana,198.36,80.41,1.6,83.19,766.27,5.01,16.2
25/10/2025,Tarde,139.83,84.9,5.34,92.31,747.46,4.56,6.39
25/10/2025,Noche,173.6,107.01,7.07,59.71,745.99,4.96,17.58
26/10/2025,Mañana,156.33,107.72,6.48,68.9,740.79,4.46,10.86
26/10/2025,Tarde,181.09,90.84,1.41,62.47,762.9,4.5,21.59
26/10/2025,Noche,192.53,87.12,7.87,61.99,766.43,4.51,23.89
27/10/2025,Mañana,181.35,76.59,0.31,84.93,755.24,5.72,14.62
27/10/2025,Tarde,199.75,122.04,5.06,64.1,754.63,5.72,17.7
27/10/2025,Noche,197.38,137.23,6.41,62.98,762.85,3.45,19.62
28/10/2025,Mañana,159.35,122.39,0.6,56.87,753.45,5.01,12.86
28/10/2025,Tarde,131.43,131.67,0.77,65.77,745.58,3.73,13.29
28/10/2025,Noche,192.68,106.4,5.58,86.51,747.78,4.82,18.29
29/10/2025,Mañana,152.57,87.74,7.92,98.36,758.96,3.1,6.78
29/10/2025,Tarde,135.31,75.95,3.01,45.97,763.42,3.13,20.21
29/10/2025,Noche,163.91,85.89,0.39,98.73,745.7,4.59,13.8
30/10/2025,Mañana,149.39,86.6,0.44,94.25,767.51,3.53,6.67
30/10/2025,Tarde,183.61,114.53,9.78,77.3,766.76,3.78,20.94
30/10/2025,Noche,168.07,114.91,1.9,84.64,756.76,5.33,19.42
31/10/2025,Mañana,150.67,93.64,1.46,90.59,753.38,4.36,9.25
31/10/2025,Tarde,154.36,114.59,7.47,77.02,748.48,3.54,14.83
31/10/2025,Noche,170.39,104.18,3.55,70.51,744.75,5.9,18.27
01/11/2025,Mañana,169.34,97.29,0.84,70.57,749.36,4.44,12.21
01/11/2025,Tarde,185.68,127.45,7.13,50.69,765.58,4.08,20.02
01/11/2025,Noche,171.72,127.73,3.72,48.33,760.65,5.57,19.38
02/11/2025,Mañana,154.6,75.1,3.18,66.94,740.66,4.27,11.14
02/11/2025,Tarde,187.11,95.48,6.01,79.31,755.29,3.14,19.04
02/11/2025,Noche,146.52,105.34,1.05,99.72,765.73,4.56,16.26
03/11/2025,Mañana,154.36,71.78,9.07,61.66,764.67,5.05,15.43
03/11/2025,Tarde,137.59,88.11,1.59,49.23,765.08,5.06,22.17
03/11/2025,Noche,168.54,85.39,6.8,57.36,754.06,3.06,22.16
04/11/2025,Mañana,184.84,71.21,0.78,96.72,750.49,5.23,4.77
04/11/2025,Tarde,130.79,94.99,2.34,95.36,746.96,5.41,8.39
04/11/2025,Noche,132.73,92.87,0.67,81.93,765.62,5.24,24.15
05/11/2025,Mañana,156.9,87.13,1.3,86.53,761.29,4.61,14.83
05/11/2025,Tarde,133.64,117.12,1.85,80.03,763.34,3.77,20.94
05/11/2025,Noche,160.57,125.4,2.64,94.14,747.89,4.67,9.63
06/11/2025,Mañana,199.58,133.49,0.43,62.82,742.34,5.52,10.39
06/11/2025,Tarde,161.45,121.96,6.01,62.77,760.68,5.66,19.34
06/11/2025,Noche,134.39,122.37,7.85,71.97,757.15,4.79,19.24
07/11/2025,Mañana,183.35,84.95,2.21,42.2,745.21,3.76,10.44
07/11/2025,Tarde,167.32,138.23,0.96,78.98,756.19,5.71,18.88
07/11/2025,Noche,160.24,94.34,4,60.66,763.71,3.69,22.43
08/11/2025,Mañana,144.1,122.53,1.03,69.75,744.93,4.1,10.23
08/11/2025,Tarde,138.66,110.74,1.37,91.76,764.99,5.61,6.07
08/11/2025,Noche,189.5,121.79,7.64,44.13,767.94,3.21,18.88
09/11/2025,Mañana,137.87,137.67,6.14,83.75,756.96,5.11,13.64
09/11/2025,Tarde,176.05,124.8,5.94,80.79,764.57,5.92,20.08
09/11/2025,Noche,165.3,128.27,7.16,60.28,764.31,5.51,20.91
10/11/2025,Mañana,130.93,95.66,5.29,83.87,755.4,5.45,14.27
10/11/2025,Tarde,155.67,122.85,2.55,48.69,765.41,4.76,19.72
10/11/2025,Noche,143.67,124.6,0.39,42.71,743.36,5.22,11.93
11/11/2025,Mañana,147.43,86.82,3.08,85.7,751.92,4.68,12.59
11/11/2025,Tarde,163.97,80.72,5.43,94.64,747.6,4.14,6.58
11/11/2025,Noche,155.58,132.09,9.7,87.32,755.49,3.94,18.66
12/11/2025,Mañana,184.37,87.52,3.09,67.3,769.89,5.52,16.03
12/11/2025,Tarde,199.56,78.37,8.49,70.03,765.23,3.57,22.18
12/11/2025,Noche,199.95,119.09,0.7,76.7,750.25,3.24,15.17
13/11/2025,Mañana,187.64,138.8,4.68,89.69,752.59,3.68,11.26
13/11/2025,Tarde,157.32,97.51,8.86,99.2,763.28,3.58,8.71
13/11/2025,Noche,147.01,89.44,0.45,51.39,745.45,5.99,19.79
14/11/2025,Mañana,185.69,82.24,6.16,81.49,769.11,5.64,16.1
14/11/2025,Tarde,143.75,115.55,3.28,48.6,766.18,4.83,20.83
14/11/2025,Noche,188.93,87.59,0.4,74.47,750.59,3.96,19.81
15/11/2025,Mañana,157.01,116.5,7.12,54.57,768.6,3.05,16.06
15/11/2025,Tarde,197.86,71.69,3.76,59.19,748.05,3.36,17.08
15/11/2025,Noche,161.99,92.96,3.93,75.58,751.86,4.23,19.89
16/11/2025,Mañana,140.54,113.44,0.35,73.42,767.97,3.87,16.06
16/11/2025,Tarde,168.97,82.6,5.88,91.89,763.01,5.41,6.92
16/11/2025,Noche,194.45,95.41,9.5,94.47,765.5,5.89,15.15
17/11/2025,Mañana,148.38,91.49,3.87,42.34,753.02,4.06,12.25
17/11/2025,Tarde,187.74,101.69,2.59,77.19,747.73,4.77,16.56
17/11/2025,Noche,145.49,96.71,8.8,98.89,750.67,3.71,13.35
18/11/2025,Mañana,135.06,123.99,8.64,90.1,745.3,5.13,9.59
18/11/2025,Tarde,177.38,101.49,3.19,82.18,746.22,3.17,15.07
18/11/2025,Noche,197.15,134.09,2.52,51.7,761.34,4.08,19.42
19/11/2025,Mañana,168.66,74.16,6.96,84.41,746.47,3.93,10.82
19/11/2025,Tarde,130.84,85.86,7.12,45.63,750.85,3.31,14.51
19/11/2025,Noche,176.82,124.47,5.7,41.85,748.92,4.94,12.44
20/11/2025,Mañana,179.99,88.25,1.14,65.95,756.2,3.87,14.25
20/11/2025,Tarde,142.48,136.78,0.35,64.78,765.72,5.84,19.88
20/11/2025,Noche,182.74,111.81,0.62,90.12,765.8,4.14,17.35
21/11/2025,Mañana,137.65,136.7,9.72,70.34,741.79,4.77,10.35
21/11/2025,Tarde,195.27,90.6,0.81,41.66,743.38,4.15,12.86
21/11/2025,Noche,141.55,71.81,2.57,49.38,753.62,3.37,21.6
22/11/2025,Mañana,170.45,123.99,8.14,89.96,740.53,3.28,9.27
22/11/2025,Tarde,167.72,98.04,3.81,48.65,755.43,5.48,20.24
22/11/2025,Noche,165.65,123.61,3.72,62.72,760.08,4.68,18.97
23/11/2025,Mañana,152.23,82.72,1.91,91.88,759.28,4.52,4.23
23/11/2025,Tarde,162.59,136.49,5.43,86.94,747.19,4.89,14.13
23/11/2025,Noche,185.63,85.58,10,77.86,759.96,3.13,22.8
24/11/2025,Mañana,147.23,101.9,6.88,95.5,767.71,4.26,7.82
24/11/2025,Tarde,195.88,89.73,4.66,90.26,765.54,3.88,13.14
24/11/2025,Noche,177.59,100.08,2.02,98.73,767.08,3.54,15.86
25/11/2025,Mañana,198.89,114.47,7.71,41.78,745.25,4.21,10.22
25/11/2025,Tarde,134.78,110.93,9.41,52.46,747.03,5.91,14.48
25/11/2025,Noche,157.69,124.37,7.76,54.77,740.68,5.98,14.86
26/11/2025,Mañana,133.33,83.12,5.16,62.2,742.84,3.77,10.4
26/11/2025,Tarde,161.79,90.46,4.97,85.88,753.93,5.03,19.57
26/11/2025,Noche,175.11,91.38,3.96,94.16,764.36,5.27,15.73
27/11/2025,Mañana,159.96,112.37,4.79,99.53,754.96,5.77,6.56
27/11/2025,Tarde,182.15,85.33,7.62,86.82,764.06,3.85,21.77
27/11/2025,Noche,134.22,85.17,0.95,96.57,740.92,4.6,14.08
28/11/2025,Mañana,158.6,98.8,1.98,54.13,754.08,4.48,13.87
28/11/2025,Tarde,141.15,77.93,3.8,92.84,746.1,5.43,6.21
28/11/2025,Noche,152.87,116.47,1.43,58.38,745.85,3.3,14.94
29/11/2025,Mañana,152.49,138.7,4.68,90.49,750.75,4.67,9.76
29/11/2025,Tarde,168.3,121.15,6.73,84.21,757.12,4.9,19
29/11/2025,Noche,140.37,132,2.5,88.76,748.51,4.66,15.72
30/11/2025,Mañana,145.64,116.59,9.23,63.69,769.02,5.43,16.6
30/11/2025,Tarde,149.46,139.64,3.25,45.78,750.92,3.55,11.72
30/11/2025,Noche,165.16,137.88,2.52,69.22,742.69,3.73,14.59
01/12/2025,Mañana,174.97,124.25,6.03,86.38,743.08,4.54,10.13
01/12/2025,Tarde,199.72,91.51,3.45,86.39,759.66,5.47,21.63
01/12/2025,Noche,154.62,118.56,3.04,49.03,754.01,4.29,18.31
02/12/2025,Mañana,141.27,90.66,1,58.7,751.43,3.96,12.52
02/12/2025,Tarde,162.81,101.14,7.56,40.44,747.92,3.76,12.71
02/12/2025,Noche,131.69,77.8,6.06,82.69,754.53,3.26,22.74
03/12/2025,Mañana,198.98,135.15,9.56,84.97,753.58,5.96,11.91
03/12/2025,Tarde,139.72,110.23,2.36,76.62,769.32,3.36,21.43
03/12/2025,Noche,142.72,132.75,7.4,68.77,763.73,4.27,20.49
04/12/2025,Mañana,154.58,120.45,7.44,75.92,743.78,4.36,10.25
04/12/2025,Tarde,155.76,73.99,7.47,83.4,759.37,4.68,21.52
04/12/2025,Noche,191.55,121.91,0.96,58.43,761.65,5.7,20.24
05/12/2025,Mañana,192.24,117.36,1.43,77,745.7,3.85,10.2
05/12/2025,Tarde,164.39,130.53,3.56,51.15,752.68,4.33,15.47
05/12/2025,Noche,181.03,88.6,9.09,46.92,740.72,3.19,16.38
06/12/2025,Mañana,142.44,114.26,8.97,73.17,751.07,3.59,11.75
06/12/2025,Tarde,139.2,115.89,3.37,99.42,740.59,4.49,8.66
06/12/2025,Noche,150.84,97.48,5.85,48.09,757.37,3.2,20.31
07/12/2025,Mañana,164.57,116.95,1.8,96.03,743.84,4.59,5.25
07/12/2025,Tarde,153.99,113.02,8.35,97.8,751.35,5.39,8.65
07/12/2025,Noche,191.07,119.62,8.22,76.71,758.96,3.16,18.05
08/12/2025,Mañana,161.22,138.47,8.1,81.37,753.36,3.75,11.55
08/12/2025,Tarde,178.78,133.45,2.99,62.91,756.81,4.37,18.47
08/12/2025,Noche,198.82,138.49,9.49,78.1,740.33,3.99,15.38
09/12/2025,Mañana,148.05,82.63,5.38,79.61,755.31,4.72,14.55
09/12/2025,Tarde,198.66,128.54,2.85,81.81,745.89,5.65,14
09/12/2025,Noche,198.89,78.44,2.23,66.78,746.02,4.04,20.76
10/12/2025,Mañana,155.92,83.74,2.76,71.92,747.06,3.53,11.15
10/12/2025,Tarde,189.1,71.03,1.1,96.31,747.19,3.04,8.71
10/12/2025,Noche,194.89,93.98,4.71,76.5,754.11,4.78,22
11/12/2025,Mañana,152.76,111.94,9.68,87.73,745.63,3.79,10.18
11/12/2025,Tarde,131.18,83.43,7.33,52.12,759.39,3.15,20.34
11/12/2025,Noche,182.86,123.29,6.76,41.4,750.1,5.84,12.12
12/12/2025,Mañana,184.75,95.17,8.38,88.76,752.01,5.52,12.54
12/12/2025,Tarde,186.44,117.36,8.01,80.97,758.63,3.63,19.59
12/12/2025,Noche,145.2,136.78,1.32,90.15,742.07,3.52,10.5
13/12/2025,Mañana,137.15,84.69,5.03,41.97,755.52,4.15,14.4
13/12/2025,Tarde,180.79,131.19,5.55,50.31,744.82,4.83,12.99
13/12/2025,Noche,140.73,88.53,4.72,86.87,763.33,4.72,23.87
14/12/2025,Mañana,196.29,91.12,7.04,93.1,744.95,3.95,2.28
14/12/2025,Tarde,193.06,121.41,3.71,70.56,765.92,3.43,20.27
14/12/2025,Noche,158.43,127.09,4.78,75.34,760.15,3.45,18.68
15/12/2025,Mañana,158.24,80.89,3.14,99.65,760.79,3.76,6.75
15/12/2025,Tarde,147,81.56,4.22,80.85,753.35,4.28,19.28
15/12/2025,Noche,138.05,122.88,7.54,86.67,746.14,4.69,16.18
16/12/2025,Mañana,159.88,102.9,5.63,74.26,762.3,3.45,14.35
16/12/2025,Tarde,130.9,104.39,7.56,84.27,764.18,4.6,21.42
16/12/2025,Noche,176.26,112.39,2.97,52.51,750.95,3.82,15.63
17/12/2025,Mañana,181.95,120.11,5.3,81.18,754.12,3.68,13.13
17/12/2025,Tarde,167.24,78.07,1.38,73.04,755.82,5.45,21.07
17/12/2025,Noche,144.29,74.71,8.36,64.43,751.88,3.58,21.46
18/12/2025,Mañana,135.52,137.89,0.77,41.51,765.35,5.85,14.57
18/12/2025,Tarde,182.49,103.29,0.92,62.98,753.34,4.86,18.82
18/12/2025,Noche,166.82,116.2,6.09,40.53,758.55,3.95,15.99
19/12/2025,Mañana,173.74,98.19,1.05,85.35,744.72,3.4,9.61
19/12/2025,Tarde,185.27,83.04,1.58,44.7,766.38,5.41,20.87
19/12/2025,Noche,182.3,124.56,9.9,41.76,747.56,5.52,12.42
20/12/2025,Mañana,156.74,103.29,1.43,97.72,751.95,5.42,5.19
20/12/2025,Tarde,173.95,109.05,9.56,87.56,742.76,3.52,14.2
20/12/2025,Noche,199.5,139.77,4.33,72.41,753.74,4.2,17.56
21/12/2025,Mañana,193.03,86.95,8.79,53.33,756.07,3.47,14.28
21/12/2025,Tarde,149.05,114.37,4.84,83.45,759.99,3.1,18.53
21/12/2025,Noche,190.91,72.05,7.13,54.75,758.39,3.28,23.52
22/12/2025,Mañana,137.82,91.63,7.75,40.17,742.07,4.38,10.53
22/12/2025,Tarde,137.35,103.14,0.17,83.03,741.48,3.7,15.17
22/12/2025,Noche,182.14,74.73,8.5,47.33,756.99,3.91,23.1
23/12/2025,Mañana,148.71,98.92,8.3,64.9,750.34,3.63,11.57
23/12/2025,Tarde,164.21,108.4,6.56,57.4,768.34,4.2,21.8
23/12/2025,Noche,162.51,74.85,0.47,98.25,758.79,5.52,15.53
24/12/2025,Mañana,196.39,109.58,5.89,44.91,757.06,3.94,14.17
24/12/2025,Tarde,149.64,117.59,7.64,97.52,768.76,3.53,9.45
24/12/2025,Noche,151.61,78.57,8.22,47.3,760.25,5.52,23.69
25/12/2025,Mañana,180.42,93.22,9.73,70.57,757.19,4.38,14.56
25/12/2025,Tarde,195.57,100.11,2.05,99.52,749.14,3.39,8.14
25/12/2025,Noche,163.21,115.22,3.14,89.91,744.94,5.33,13.26
26/12/2025,Mañana,146.25,139.66,9.82,54.65,747.75,3.57,10.7
26/12/2025,Tarde,136.19,110.77,1.77,75.17,742.96,5.53,13.86
26/12/2025,Noche,140.09,94.34,8.84,63.41,759.07,4.74,22.14
27/12/2025,Mañana,189.6,128.21,1.77,71.57,742.31,3.95,10.54
27/12/2025,Tarde,196.9,103.93,0.44,40.12,748.01,3.99,12.8
27/12/2025,Noche,175.92,105.15,7.07,70.56,767.95,5.88,23.04
28/12/2025,Mañana,194.94,83.96,1.82,61.13,754.45,3.32,13.94
28/12/2025,Tarde,190.3,100.06,8,90.49,764.06,5.09,10.38
28/12/2025,Noche,179.62,98.06,8.74,65.8,764.08,3.83,22.12
29/12/2025,Mañana,166.95,87.08,9.16,60.11,756.41,5.84,14.64
29/12/2025,Tarde,174.54,95.99,6.08,97.05,752.66,5.07,7.94
29/12/2025,Noche,154.01,104.02,8.05,93.61,755.57,3.11,10.59
30/12/2025,Mañana,164.03,136.77,7.04,53.31,764.7,4.26,14.68
30/12/2025,Tarde,173.36,130.25,5.31,67.49,762.97,5.29,19.11
30/12/2025,Noche,149.96,84.24,7.77,77.08,753.12,4.56,21.89
31/12/2025,Mañana,145.51,80.34,3.18,70.01,759.63,5.62,14.71
31/12/2025,Tarde,191.29,122.53,1.93,74.13,755.82,4.34,18.46
31/12/2025,Noche,160.43,134.92,5.78,68.05,748.76,3.43,14.85
